,user,posts,date,time
0,alainlicious,"Itâ€™s been a while since I had yogurt beverages, and just tried @heyyogurtsg Chinese New Year series comprising Mango Pomelo ğŸ¥­, Mandarin Orange ğŸŠ, Dragonfruit Lychee ğŸ’œ and Avocado Brown Sugar ğŸ¥‘.They are offering FREE Delivery with min spend of $25 via @foodpandasg till end of Jan, or you can go to any nearest Hey Yogurt store to try the Niu drinks, available from now till 28 Feb 2021.",2021-01-27,08:37:21
1,alainlicious,......#foursquare #foursquarefind #stayathome #eatathome #takeaway #foodpandasg #delivery #supportlocal #supportlocalbiz #chinesenewyear #cny2021 #sweettooth #desserts #yogurt #yogurtdrink #yogurtsmoothie #heyyogurt #heyyogurtsg,2021-01-27,08:44:48
2,thornyflavours,Yummm! â¤ï¸,2021-01-28,11:41:07
3,helmimira,"After Helmi got terminated with his previous job during pandemic period, it feel disaster and stress out. Worried if we can't manage our financial. Thank god all is well after he started to work as FT rider.For the first few week, he shared his feelings on how he endure with unreliable people. I got pissed off the way he keep sighing. I told him just stay calm and work as per normal. At the end of the day, you will deserve the good deed you've been through.It is true, some of them don't care about rider situation. Especially when they said, Why you so late, you got no change ah, don't become rider la if you cannot deliver on time. ğŸ˜‘To those no sense of humor, you don't work as a rider. Please don't blindly blame. You wouldn't know what they have been through. Be it waiting time to collect your order or while on the road. If you feel not right, you can always message or call to check the status.To all rider, ride safe and smile behind the mask. If customer not happy with your service, talk to them in a nice way. If you get the crazy wild boar, then you guys start the tactic move back sir! Hehe..Moral of the story, don't sigh and stay cool. ğŸ‘Glad that he still continue with his job. ğŸ¤²â¤ğŸ#iamproudofyou #frontliner #foodpanda #foodpandasg #hustledemihasil #iloveyouhusband ğŸ˜˜",2020-08-19,13:49:43
4,naem_rohman,Stay strong and ride safe bro.,2020-08-19,14:52:09
5,leanbento,"â€œmy most astounding record was to polish up 26 regular sized mooncakes in three weeks. It got to a point that I didnâ€™t bother cutting them up.â€.â€œAssuming that a regular-sized yolk mooncake contains 800kcal, I had consumed a total of 20,800kcal in addition to my regular meals in a span of three weeks.â€.This mooncake monster is none other than Lean Bentoâ€™s owner and founder Charles Ng. ğŸ˜ˆ.Find out more about the clean and lean mid-autumn treat he has in store for all fellow health foodies at charleswanmushi.com. ğŸ˜______Enter promo code LEANCORE at the checkout. Promo valid until 30 September 2020. *Applies to Islandwide and same-day deliveries.*Except Seasonal Specials and Multiple Location Delivery Bundles.Go to leanbento.com/order.Call 67504504 or order@leanbento.com for humanised assistance. ğŸ’ğŸ»â€â™€ï¸ğŸ’ğŸ»â€â™‚ï¸______Islandwide delivery ğŸššğŸ±ğŸ’¨#leanbento #bungkussg #startasterdelivery #foodpandasg #grabfoodsg #deliveroosg #sgfood #vegetariansg #lazadasg #halalcertified #halalsg #sgsme #stayhomemakansg #hawkersunited2020 #sgmakan #sgbrand #sgbrands #enterprisesg #asmesg #supportlocal #sgunited #mooncakesg #sgmidautumnfestival #halalmooncake",2020-09-05,10:21:44
6,maskon__sg,Keep it coming! Have you thought about going green and using reusable face mask? â™»ï¸ğŸ˜·,2020-09-05,10:22:33
7,himari_jasmine,U selling those mooncake?,2020-09-05,10:39:22
8,leanbento,"Hi @himari_jasmine , yes we would be. More details about our protein moon bites are our bossâ€™ blog post at charleswanmushi.com :)",2020-09-05,15:39:26
9,leanbento,Hi @himari_jasmine itâ€™s out!https://www.instagram.com/p/CE1SdlcgS70/?igshid=1beso3xq2579b,2020-09-07,10:52:37
10,iamhnhm,ğŸ˜,2020-09-05,10:47:25
11,weijian.wj,ğŸ˜±,2020-09-05,11:26:12
12,rusly.tjohnardi,Yumssss,2020-09-06,02:43:28
13,elim03,ğŸ‘ğŸ‘ğŸ‘ğŸ‘,2020-09-06,10:11:21
14,kira.lim.corgi,"I'm heading out ğŸ›´for work soon ğŸ™‚ Dinner time is peak hour so I can earn more ğŸ’° easily.Hope you enjoy going to work as much as I do. If you're having #mondayblues just think about the #money ğŸ¤‘ğŸ¤‘ and those who have lost their jobs. çœ‹åœ¨é’±çš„ä»½ä¸Š,å»åšå·¥å§!#mondaymotivation #mondayvibes #positivevibes #thinkpositive#ä¸ºäº†é’± #foodpandasg #sgfooddelivery",2020-11-16,08:29:58
15,kira.lim.corgi,#corgi #corgicommunity #dog #cutepet #cutedog #puppy #pembrokewelshcorgi #cutecorgi #prettycorgi #corgination #corgi_ig #myfavcorgi #sgdog #sgpet #sgcorgi #corgismile #corgilife,2020-11-16,08:37:46
16,yoshi_corgi_yoshi,No off day ah?? How to date u out ğŸ˜‚,2020-11-16,08:55:20
17,kira.lim.corgi,@yoshi_corgi_yoshi you don't sleep so early then we can date after my work ends. I will bring you lots of food ğŸ˜‹ğŸ˜†,2020-11-16,08:57:46
18,yoshi_corgi_yoshi,@kira.lim.corgi å¥½æ»´ğŸ˜‰åˆ«æ¬ºéª—æˆ‘çš„è‚šå­å“¦ğŸ˜‚,2020-11-16,09:01:02
19,kira.lim.corgi,@yoshi_corgi_yoshi ä¸ä¼šå•¦ã€‚æˆ‘å“ªæ•¢æ‹¿ä½ è‚šå­å¼€ç©ç¬‘ğŸ˜„,2020-11-16,09:08:07
20,lil_pumpkin_ho,Waaa...very hardworking ğŸ‘ğŸ‘ğŸ‘,2020-11-16,08:59:42
21,kira.lim.corgi,@lil_pumpkin_ho Money is my biggest motivation ğŸ’ªğŸ»,2020-11-16,09:41:28
22,lil_pumpkin_ho,"@kira.lim.corgi ğŸ˜‚ğŸ˜…Jiayou !! For me , treats is my best motivation",2020-11-16,12:06:00
23,wolfy_brownie_maya,I order 20 ğŸ— liao. What time u deliver? @kira.lim.corgi ğŸ˜‚,2020-11-16,09:06:04
24,kira.lim.corgi,@wolfy_brownie_maya Oops just now I rang your doorbell but you never open door. So I eat on your behalf. Your 20ğŸ—in my tummy liao (burp),2020-11-16,09:09:42
25,yukaparis.sg,So cuteâ£,2020-11-16,10:01:43
26,thestumpylegs,You deliver to Sengkang?,2020-11-16,11:50:21
27,kira.lim.corgi,@thestumpylegs You want me to deliver what to your heart?,2020-11-16,12:51:49
28,thestumpylegs,@kira.lim.corgi Deliver yourself to my heart ğŸ’‹,2020-11-16,12:57:35
29,kira.lim.corgi,@thestumpylegs sorry uncle. æˆ‘ä¸å–èº«. I only deliver food food ğŸ˜‹,2020-11-16,14:13:00
30,moca_hachi,Work hard! ğŸ’ªğŸ»,2020-11-16,12:21:36
31,dogshopcw,Wha hardworking wor! Everyday work!,2020-11-16,13:49:55
32,kira.lim.corgi,@dogshopcw bo bian. I need money to buy alot of food for myself ğŸ˜‚,2020-11-16,14:11:17
33,dogshopcw,@kira.lim.corgi buy or steal? â˜ºï¸â˜ºï¸â˜ºï¸,2020-11-16,15:12:23
34,kira.lim.corgi,@dogshopcw buy and steal someğŸ˜‰ğŸ¤£,2020-11-16,15:32:56
35,cocothemoodycorgi,ğŸ’¯ğŸ’¯ğŸ’¯Kira is our best employee idol ğŸ’“ğŸ’“ğŸ’“,2020-11-16,15:06:56
36,cocothemoodycorgi,@kira.lim.corgi I will halp to let foodpanda company about your achiebment yeah ğŸ˜ğŸ˜ğŸ‘ğŸ»ğŸ‘ğŸ» donâ€™t forget to share some 20% commission once award is received ğŸ¤ªğŸ˜ğŸ¤­ğŸ¤£ğŸ¤â™¥ï¸â™¥ï¸,2020-11-17,00:32:43
37,kira.lim.corgi,@cocothemoodycorgi No problem ğŸ˜‰,2020-11-17,07:27:19
38,cocothemoodycorgi,@kira.lim.corgi ğŸ˜˜â™¥ï¸â™¥ï¸â™¥ï¸,2020-11-17,16:00:08
39,winnie.loves,"Yummy food at your convenience!Whipped up a quick and simple meal with these Ready to cook meals from @foodpandasg pandamart!@foodpandasg pandamart is really convenient and easy to use! You can basically find almost anything you need on there!From now till 20th Dec, enjoy $4 off your pandamart purchases (min $20) when you use [HOHOHO]",2020-12-17,10:41:52
40,insta_travel_shotz,Excellent setting ğŸ‘ŒğŸ‘Œ,2020-12-17,15:09:47
41,estherksz,Your flatlay ğŸ’¯,2020-12-17,15:12:28
42,winnie.loves,@estherksz â¤ï¸â¤ï¸ thanks dear,2020-12-18,03:27:26
43,jessmetez,"Oooooo, I want to eat ALL of the pasta!",2020-12-17,15:31:07
44,lindaminjukim,This spread ğŸ¤©ğŸ¤© looks so delicious,2020-12-17,15:59:21
45,defeatingdarkness2,Pasta looks amazing,2020-12-17,16:56:42
46,goanniewhere,This looks soo good!!,2020-12-17,17:06:19
47,kristythebee,Everything looks so delicious ğŸ˜‹,2020-12-17,17:40:33
48,jetlagjules,That looks so incredibly delicious ğŸ˜,2020-12-17,18:45:08
49,alexisjetsets,"Youâ€™ve made me crave for pasta! Perhaps, I should order one for myself this weekend ğŸ˜‚",2020-12-17,20:07:04
50,samanthahansen,Looks delish!,2020-12-17,20:45:30
51,thecarryonchronicles,Yum! Love the way you set this up ğŸ˜,2020-12-18,00:04:44
52,winnie.loves,@thecarryonchronicles thank you dear â¤ï¸,2020-12-18,00:28:09
53,jenni_life886,Delicious âœ¨âœ¨,2020-12-18,00:57:15
54,xncnadia,Looks so good omgğŸ˜â¤ï¸,2020-12-18,04:48:08
55,arthurthechubbyboy,Looks yummy,2020-12-18,05:42:12
56,jan_twentii,Looks so yummy and beautiful photo as always!ğŸ˜ I love to use foodpanda too!,2020-12-18,06:55:07
57,efolium_global,ğŸ˜ğŸ˜,2020-12-18,07:05:06
58,appleohhh,@winnie.loves Looks sooo delicious! ğŸ¤¤ğŸ‘ğŸ» loving your flatlay! ğŸ˜,2020-12-18,08:10:09
59,adamba12,This looks like an ideal meal!,2020-12-18,11:46:15
60,florithewanderingsoul,Okay this looks really delish ğŸ˜,2020-12-18,18:38:57
61,irenebaby88,"Hey dear, please check your inbox ~~~",2020-12-19,18:11:26
62,meligatorr,Mmmm it looks absolutely delicious â™¥ï¸,2020-12-19,22:36:19
63,tamarkask,Wow this looks so yummy. ğŸ,2020-12-21,15:30:40
64,eileensneko,Omg you seem like a great cook! It looks so good ğŸ˜ğŸ˜ğŸ˜,2020-12-22,11:21:33
65,xchubbykitty,Looks delicious ğŸ’–,2020-12-17,11:21:59
66,applelaikwan,Look so attractive ğŸ˜ğŸ˜ğŸ˜‹ğŸ˜‹,2020-12-17,11:23:09
67,mintfuljourney,Looks so yummy babe ğŸ˜ gimme!,2020-12-17,11:23:25
68,wanderlustchix,Looks yummy ğŸ¤¤,2020-12-17,11:25:20
69,winnie.loves,@wanderlustchix thank you dear â¤ï¸,2020-12-18,03:27:21
70,lingweiix,Omg so yummy ğŸ˜‹,2020-12-17,11:41:14
71,winnie.loves,@lingweiix yess bbâ¤ï¸,2020-12-17,11:57:49
72,peggy.eyes,YummyğŸ˜ğŸ˜ğŸ˜ğŸ˜,2020-12-17,11:58:48
73,thefancyfluff,ready to cook meals are definitely essential to have at homeâœ¨ğŸ˜‹,2020-12-17,11:59:49
74,winnie.loves,@thefancyfluff yes definitely,2020-12-17,12:04:51
75,winnie.loves,#sgmummyblogger #sgmummy #sgfoodies #sgfoodtrend #sgfood #sgfoodstagram,2020-12-17,13:45:35
76,winnie.loves,@winnie.loves #foodflatlay #flatlayfood #flatlay #flatlaystyle #flatlaysquad #flatlayphotography #flatlaylove,2020-12-17,13:46:08
77,winnie.loves,@winnie.loves #sgfoodiary,2020-12-17,15:10:28
78,itsjustanotherwanderer,Ooo I love a bit of pasta! ğŸ˜‹,2020-12-17,14:32:00
79,clicked_by_riya,Wow ğŸ˜ğŸ™Œ,2020-12-17,14:48:52
80,katiesaway,Your photos are all so beautiful ğŸ˜,2020-12-17,10:43:22
81,winnie.loves,@katiesaway thank you â¤ï¸,2020-12-17,11:16:44
82,winnie.loves,#clozette #winnielovesflatlay,2020-12-17,10:44:27
83,winnie.loves,#foodpanda #foodpandasg,2020-12-17,10:44:40
84,doitforicecream,I want some pleaseâ¤ï¸,2020-12-17,10:50:53
85,winnie.loves,@doitforicecream sure dearâ¤ï¸,2020-12-17,11:16:59
86,chervonkhoo,Looks so yummy ğŸ‘,2020-12-17,10:54:22
87,winnie.loves,@chervonkhoo thank you â¤ï¸,2020-12-17,11:17:11
88,michellechun_,Can I have some pasta please? ğŸ˜‹ğŸ’–,2020-12-17,10:55:57
89,winnie.loves,@michellechun_ hhaha yes bbâ¤ï¸,2020-12-17,11:17:06
90,mymypitta,Wow this looks really good ! Would love to have some,2020-12-17,11:00:49
91,winnie.loves,@mymypitta yay sure â¤ï¸,2020-12-17,11:16:48
92,wafflenessa,Wow looks yummy! ğŸ˜,2020-12-17,11:03:28
93,_carmenyong_,Looks so yummy! ğŸ˜‹ğŸ˜‹,2020-12-17,11:05:26
94,akihiko_koga,Menya Kanae Shio RamenEnjoyed refreshing light but deep taste of Shio and Tonkotsu soup with Nanae original noodle(^u^)menyakanae.com#singaporefood #sgfood #sgfoodies #foodpornsg #igsgfood #sggourmet #singaporeramen #100am #misoramen #shioramen#sgfoodie #singaporefoodie #foodstagram #sgfoodporn #menyakanae #ramensg #ramensingapore #mazesoba #singaporerestaurant #singaporeramen #sgramen #ramenheadssg #ramenmaniasg #takeawaysg #deliverysg #grabfoodsg #foodpandasg #deliveroosg #tonkotsuramen #tonkotsuramensg,2020-07-26,01:09:32
95,g.ella__,McDonaldâ€™s has officially launched islandwide on @foodpandasg ! ğŸ¥¤Enjoy free delivery on McDonaldâ€™s with a minimum purchase of $25 from now till 31 January 2021 ğŸŸğŸ”#foodpandasg,2021-01-25,07:40:59
96,g.ella__,â€¢,2021-01-25,07:41:45
97,khai_1996,"@g.ella__ AWWWWWWWWESOME SHOOT WITH MCDONALD MEAL ğŸŒŒâœ¨ğŸ’ğŸ’ğŸŒ¸ğŸŒ¸ğŸŒ¼ğŸŒ¼ğŸŒºğŸŒº I always love MCDONALD... FILLET OH FISH is my favourite fish burger ğŸ˜‡ Have a HAPPY MONDAY & HAPPY JANUARY 2021 FOR YOU, GRACE ğŸŒŒâœ¨ğŸ’ğŸ’ğŸŒ¸ğŸŒ¸ğŸŒ¼ğŸŒ¼ğŸŒºğŸŒº",2021-01-25,07:43:54
98,g.ella__,â€¢â€¢â€¢#sgfood #foodsg #sgfoodies #sgfoodie #onthetable #sgpromo #sgpromotion #sgpromos #styleoftheday #styleinspired #styleiswhat #styleblogger #fashionnova #novababe #asiangirls #sgig #igsg #sgbabes #sggirls #singaporegirl #clozette #clozetteco #gellaxadv #sp,2021-01-25,07:45:21
99,spiked_rosesxx,Yum yum in my tum tum,2021-01-25,07:44:38
100,aliciacho,How convenient now!,2021-01-25,09:18:43
101,_jxxi,Gurl Iâ€™ve never seen someone make mcdonalds look so good! ğŸ˜,2021-01-25,10:37:01
102,graceyuki,My favourite fast food ğŸ˜‹,2021-01-29,05:49:26
103,_shixuanxuan,Thanks for sharing yums !!,2021-01-25,10:32:38
104,ivianathui,Ohh yay another platform to order macdonald ğŸ˜,2021-01-25,11:19:21
105,james.ek,Yayyyyy,2021-01-26,15:42:09
106,tickypose,"Looking so happy here, very nice",2021-01-25,13:28:31
107,bagofbeautiful,Beautiful â¤ï¸â¤ï¸,2021-01-25,12:19:42
108,butterflysingapore,Thank you for sharing â¤ï¸,2021-01-25,12:32:29
109,mylinlovebellydance,Love it!ğŸ˜,2021-02-01,20:48:39
110,schar.rs,ğŸ˜ğŸ˜ğŸ˜ğŸ˜,2021-01-29,10:19:43
111,chefairways,ğŸ‘,2021-01-25,16:06:34
112,yuhao_tan,You are so pretty,2021-01-25,15:27:29
113,peggy.eyes,NiceğŸ˜ƒğŸ˜ƒ,2021-01-25,07:52:16
114,girlz_fit_forever,Send me your pictures for promotion â£ï¸â£ï¸,2021-01-25,09:49:33
115,jxeats,"[PROMO CODE] Did you know, you can now shop on foodpanda app for health, beauty and gadget products? You donâ€™t have to go to the mall to get them. So convenient!From now till 28 Feb, enjoy 20% off on health & beauty, gadgets from shops such as Etude House, Guardian, Gadget Mix, Mothercare, Body Shop and Unity on foodpanda app under - Shop.Use <BIG20SALE> voucher code with minimum order of $30 and discount up to $12ğŸ¼ Delivered to your doorstepğŸ¼ Avoid the crowd and skip the queueğŸ‘ğŸ»I got all my cosmetics from @etudesingapore for this CNY & VdayğŸ’•So hurry, switch to using the @foodpandasg App.Thank you @foodpandasg for the good deal!ğŸ˜#foodpandasg #etudehouse #jxeatsinvite",2021-02-17,12:58:53
116,jxeats,#instafood #instasg #sgfood #foodie #foodgasm #sgeats #sgfoodie #igsgfood #jiaklocal #foodsg #sgfoodporn #singaporefoodies #sgcafefood #whati8today #sgcafe #sgfoodtrend #sgfoodlover #sgfooddiary #foodstagram #sgfoodblogger #whatsfordinner #topsgrestaurants #foodphotography #sgmakandiary #followbackinstantly #sgbeauty,2021-02-17,13:00:09
117,serenefoodology,Wow.. didn't know...,2021-02-17,14:59:02
118,brickredlips,So convenient!,2021-02-17,15:28:33
119,hehousehomecafe,Oh I would love to see your GRWM look! ğŸ˜ğŸ˜,2021-02-18,01:53:13
120,mspeanuteats,Wa got cosmetics now ğŸ˜‚,2021-02-17,13:14:15
121,shewyn_fantasia,Tml grB,2021-02-17,19:01:03
122,bryanongyy,Beautiful range of colors,2021-02-19,08:31:04
123,gizellegail,How pretty â¤ï¸ ğŸ˜,2021-02-18,04:22:34
124,rosie_thefoodie,Love etude house ğŸ˜ğŸ˜,2021-02-17,14:13:39
125,thefoodadv,Oh that's convenient!,2021-02-17,14:58:25
126,weblogaboutdisneyandfood,The products look amazing ğŸ˜Š,2021-02-17,13:48:02
127,foodiedab,Wow I didnâ€™t know that... HAHA so convenient!,2021-02-17,17:21:26
128,sot.love,Ohh they also do makeups! Now I know,2021-02-18,00:29:19
129,goodhealthprettylife,Well the eyeshadow palette looks amazing and so pretty,2021-02-17,16:06:46
130,budtravelstheworld,Yay to @foodpandasg â¤ï¸,2021-02-18,14:55:12
131,sharlynnooi,"ğŸŒ¯ğŸ—‘ Letâ€™s be honestttt weâ€™ve been dabao-ing food every other day over the last few months (guilty as charged) & itâ€™s really a lot of extra waste in the trash ğŸ˜©This New Year, I am committed to reducing waste and using resusables to be kinder to the environment along with @foodpandasg ğŸŒ±Check out these @barepack.co recyclable boxes that I self collected from @pizzaexpresssg !! Being sustainable really isnâ€™t as tedious as people think and itâ€™s so nice to see @foodpandasg â€˜s partnership with @muuse.io and @barepack to offer such great convenience to environmentally-conscious peeps like us in reducing waste and trash while we stay cosy at home ğŸ¼â—ï¸From 4-17 Jan - Users enjoy a $5 voucher (to be sent in 1st week of Feb 2021) for their first order with reusables- go check out the promo in-app now and letâ€™s all do good for the environment this 2021 ğŸ’ªğŸ¼#foodpandasg",2021-01-09,11:06:01
132,khai_1996,"@sharlynnooi AWWWWWWWESOME SHOOT âœ¨ğŸŒŒğŸ’ğŸ’ğŸŒ¸ğŸŒ¸ğŸŒ¼ğŸŒ¼ğŸŒºğŸŒº Have a HAPPY SATURDAY & HAPPY JANUARY 2021 FOR YOU, SHARLYN âœ¨ğŸŒŒğŸ’ğŸ’ğŸŒ¸ğŸŒ¸ğŸŒ¼ğŸŒºğŸŒºğŸŒº And also have a HAPPY NEW YEAR & HAPPY CHINESE NEW YEAR 2021 FOR YOU, SHARLYN ğŸŠğŸ‰ğŸ¾ğŸ¥‚ğŸ’ğŸŒŒâœ¨",2021-01-09,11:09:01
133,sharlynnooi,@khai_1996 3Q!,2021-01-09,17:29:10
134,muuse.io,Thanks for reducing waste ğŸ‘ @foodpandasg,2021-01-09,11:26:16
135,sharlynnooi,@muuse.io thank you for bringing convenience to us!!,2021-01-09,17:29:32
136,wilson_x1,Healthy food again!! Shiok shiok,2021-01-09,13:41:28
137,sharlynnooi,@wilson_x1 ahahaha actually not very healthy ğŸ˜‚ğŸ˜‚,2021-01-09,17:29:56
138,pizzaexpresssg,Committed to good food and reducing waste ğŸ’¯ğŸ’šâœ¨,2021-01-09,13:42:27
139,sharlynnooi,@pizzaexpresssg yasss love it ğŸ˜ğŸ˜,2021-01-09,17:30:13
140,onadulting,Aw this is so cute!,2021-01-09,17:28:13
141,riacatherinedines,Ooooo love it ğŸ‘ŒğŸ»,2021-01-09,18:03:19
142,khaosgal,This is cute ğŸ§¡,2021-01-09,18:31:22
143,_alicia.siciliana,This looks delicious ğŸ˜,2021-01-09,18:43:32
144,yc.co,ooh looks so good,2021-01-09,20:23:30
145,moriahbecker,That sounds so good ğŸ™ŒğŸ»ğŸ™ŒğŸ»,2021-01-09,21:22:25
146,moniat__,Yess I love it â¤ï¸,2021-01-10,07:32:04
147,petitetammie,Hmmmm looks yummy! Need some rn,2021-01-10,07:38:22
148,jizellewandertales,This looks so delicious,2021-01-10,09:35:25
149,getfit.nisah,ISSIT YOUR TURN THIS RAYA? ğŸ¥°.Meal plan untuk beriftar nanti best2 sangat! Boleh masak skali untuk sekeluarga. Family pon ikut sihat sekali. MasyaAllah besttt sangat! Make that decision now! Click link in BIO to know more details about the programme ğŸ’ƒğŸ»ğŸ’ƒğŸ».ğŸ’•25 days programmeğŸ’•Meal plan providedğŸ’•Recipes providedğŸ’•Group coachingğŸ’•Combo workout#nakkurus #jomkurus #bestkurus #beforeandafter #diettips #tipskurus #resipisihat #eatclean #eatcleandiet #eatcleanrecipes #makansedap #singapore #singaporefood #workingmum #hotdeals #singaporesale #activesg #teamnickhinhussein #teamahmadmizah #teamdillanur #teamnisahsohor #tv3 #mediacorp #viralpost #halalsg #halalfood #popular #foodpandasg #shopeesg #cute,2021-03-21,10:44:06
150,sophiensyy,Have your bubble tea and pizza at the same time with @pizzahutsg! The Boba Pizza is now available for delivery on @foodpandasg with exclusive bundle deals (till end of March) like: â£- 1 personal boba pizza + 1 side of your choice for $16.90â£- 2 personal pizzas + 2 sides for $24.60 #foodpandasg,2021-03-21,10:08:09
151,fazlina_manap,"Make a decision TODAYğŸ§šâ€â™‚ï¸ to be healthyğŸ§šâ€â™€ï¸ to be good role modelsğŸ§šâ€â™€ï¸ to lose weightğŸ§šâ€â™€ï¸ to learn new skillsğŸ§šâ€â™€ï¸ to acquire new knowledgeBecause Allah will not change the condition of a people until they change what is in themselves.To join our weight loss program, click link on my bio @fazlina_manap or WhatsApp me at +97922969.#teamlivfit #fazlina_manap #nakkurus #tipskurus #resipisihat #eatclean #eatcleandiet #eatcleanrecipes #makansedap #singapore #singaporefood #workingmum #hotdeals #singaporesale #activesg #teamnickinhussein #teamahmadmizah #teamdillanur #tv3 #mediacorp #viralpost #halalsg #halalfood #popular #foodpandasg #shopeesg #kawinkawin",2021-03-21,09:07:57
152,fazlina_manap,"Our BIG WHYâ¤ï¸To be good role models for our boys.â¤ï¸To break away from the cycle of obesity.â¤ï¸To learn the right skills, the right way to eat healthier.We want to show our boys that if we can do it, so can they!To learn the right skills to lose weight, come join our program!âœ¨LINK @ BIO FOR APRIL INTAKEğŸ§šğŸ¼â€â™€ï¸Coach Lina +65 97922969â¤ï¸ program benefits :âœ¨ meal plan + healthy recipeâœ¨ online home workout videosâœ¨ daily dieting & health topicsâœ¨ 1on1 coaching + private group support#teamlivfit #fazlina_manap #nakkurus #tipskurus #resipisihat #eatclean #eatcleandiet #eatcleanrecipes #makansedap #singapore #singaporefood #workingmum #hotdeals #singaporesale #activesg #teamnickinhussein #teamahmadmizah #teamdillanur #tv3 #mediacorp #viralpost #halalsg #halalfood #popular #foodpandasg #shopeesg #kawinkawin",2021-03-21,08:10:51
153,fazlina_manap,Why women should lift weights?Strength training is the best training technique a woman can do to change her body composition & improve health outcomes.The huge benefit to strength training is your bodyâ€™s ability to burn calories during AND after exercise.Donâ€™t worry about bulking up. Women have lower levels of testosterone (which helps build muscle mass) than men.However you canâ€™t expect to lose weight just from working out because a clean & healthy diet still plays a MAJOR part of losing weight. 80% food intake 20% exercise and 100% mindset!#teamlivfit #fazlina_manap #nakkurus #tipskurus #resipisihat #eatclean #eatcleandiet #eatcleanrecipes #makansedap #singapore #singaporefood #workingmum #hotdeals #singaporesale #activesg #teamnickinhussein #teamahmadmizah #teamdillanur #tv3 #mediacorp #viralpost #halalsg #halalfood #popular #foodpandasg #shopeesg #kawinkawin,2021-03-21,07:45:28
154,echayusliah_63,Well said dear â¤ï¸,2021-03-21,10:24:21
155,tongjumchew,We are pleased to announce our partnership with PandaMart and GrabMart. ğŸ™‚Shop from home now at your convenience and get your order delivered quickly. Happy shopping!æˆ‘ä»¬å¾ˆé«˜å…´å®£å¸ƒæˆ‘ä»¬ä¸PandaMartå’ŒGrabMartçš„åˆä½œã€‚ğŸ™‚ ç°åœ¨ï¼Œæ‚¨å¯ä»¥éšæ—¶åœ¨å®¶ä¸Šç½‘è®¢è´­æˆ‘ä»¬çš„äº§å“ï¼Œå¹¶åœ¨æœ€çŸ­çš„æ—¶é—´å†…æ”¶åˆ°æ‚¨çš„è®¢å•ã€‚è´­ç‰©æ„‰å¿«å“Ÿï¼#TongJumChew #NaturesGreen #foodpandasg #pandamartsg #GrabMartSG #GrabSG.Published from Desktop with @InssistApp,2021-03-21,07:04:37
156,fazlina_manap,"Eat RIGHT, Not LESSNak kurus tapi tak tau nak makan apa?Tak perlu berlapar, tak perlu google recipes, tak perlu pening2 planning.Join our program! âœ¨âœ¨LINK @ BIO FOR APRIL INTAKEğŸ§šğŸ¼â€â™€ï¸Coach Lina +65 97922969â¤ï¸ program benefits :âœ¨ meal plan + healthy recipeâœ¨ online home workout videosâœ¨ daily dieting & health topicsâœ¨ 1on1 coaching + private group support#teamlivfit #fazlina_manap #nakkurus #tipskurus #resipisihat #eatclean #eatcleandiet #eatcleanrecipes #makansedap #singapore #singaporefood #workingmum #hotdeals #singaporesale #activesg #teamnickinhussein #teamahmadmizah #teamdillanur #tv3 #mediacorp #viralpost #halalsg #halalfood #popular #foodpandasg #shopeesg #kawinkawin",2021-03-21,07:01:31
157,crystalglazeofficial,"Alhamdullilah, Updates on our Wash Detailing Garage #03-04 renovation upgrades.Praying to get to wash & detail your Bikes & Rides by 23.03.2021 (Tuesday)Thank you All for the Prayers and support to make this happen. Only God can repay your kindness#bikeservicesingapore #bikewashsg #carwashsg #carwash #grabfoodsg #grabsg #deliveroosg #foodpandasg #maseratisg #mercedessg #bmwsg #porshe #lamborghinisg #supercarssg #rollsroycesg",2021-03-21,05:05:58
158,crystalglazeofficial,"Alhamdullilah, Thank you trusting us in modding your precious beast ride. Detailer x Mechanical Crew Harris Jumaat performing with guidance from Pro Foreman Sham Sid.Versatility in Crystal Glaze Garage #02-05. More then just Wash & Detailing.Have a great weekend everybody ;)#sgmotorfest #bikermods #y15 #yamahasg #hondasg #daelim #bikewashing #foodpandasg #deliveroosg #grabsg",2021-03-21,04:44:08
159,thatboatnoodles_thatmooookata,"Thanks you for your feedback and support!Operating hours is as follows:1030am - 9pm (monday - friday)â€œMooooâ€kata starts at 4pm(monday - saturday )Sunday & PH: RESTğŸŒ»Address:121, Telok Ayer Street #01-01 (inside Telok Ayer coffeee shop, stall 4)Singapore 680590#thatmooookata #thatboatnoodles #foodpandasg #telokayercoffeeshop #thaiboatnoodlessg #mookatasg #yummyfoodsg #bestbeefnoodlessg #foodpandadelivery #valueformoneymookata #celebritychoicemookatA #bestbeefnoodlessg",2021-03-21,04:23:36
160,madeinsingaporelah,"Last day todayğŸ“ Cantine Foodcourt Jurong Point1 Jurong West Central 2, JP1,#B1-42/43/44 STALL 11, Jurong Point,Singapore 648886Promotion is available from 18-21 March! Get your appetite ready and weâ€™ll see you there ğŸ’›#dlaksa #dlaksasingapore #asamlaksa #sgfood #grabsg #grabfoodsg #foodpanda #foodpandasg",2021-03-21,02:18:19
161,getfit.nisah,"EVERY PROGRESS IS A GOOD PROGRESS! ğŸ¥°ğŸ¥°.Keep doing & you will surely keep seeing results! Amazing! Yang penting, ada progress. Kalau asik duduk fikir boleh kurus ke tidak, memang tak akan ada results. Hehe! Decide, follow & commit! InsyaAllah you can achieve your goals! ğŸ’ªğŸ¼ğŸ’ªğŸ¼.Click link in bio to know more details about the programme ğŸ’ƒğŸ»ğŸ’ƒğŸ».ğŸ’•25 days programmeğŸ’•Meal plan providedğŸ’•Recipes providedğŸ’•Group coachingğŸ’•Combo workout#nakkurus #jomkurus #bestkurus #beforeandafter #diettips #tipskurus #resipisihat #eatclean #eatcleandiet #eatcleanrecipes #makansedap #singapore #singaporefood #workingmum #hotdeals #singaporesale #activesg #teamnickhinhussein #teamahmadmizah #teamdillanur #teamnisahsohor #tv3 #mediacorp #viralpost #halalsg #halalfood #popular #foodpandasg #shopeesg #cute",2021-03-21,01:35:57
162,botak.motor.tiam,Thank you Mobile Legends BuddyğŸ˜ŠWhat we did for him- New Maxxis Diamond tyre- New Signal light- New Brake DiscCome push Rank while your bike is taken care by usğŸ™ˆ#sgbikes #sginstabikes #sgmotors #singaporebikes #sgriders #sglocal #sgbikers #sgbikerslife #sgbikelife #singaporebikers #aeroxsg #y15zrsg #sniper150 #xmaxsg #nmaxsg #xmaxsingapore #pcxsingapore #sgpromo #grabfoodsg #deliveroosg #foodpandasg #hondawavesg #deliverysg #deliveryrider #maxxis #rs150sg #mobilelegendssingapore,2021-03-20,22:27:53
163,syinzacat,Walau....like that caption also can ar???,2021-03-21,01:01:35
164,dhipsterkebab,"Craving for KEBAB? ğŸ¥™ğŸ¥™Head down to try our Messy Pita Combo!!THE GRANDSTAND, PARADISO BY HAO200 TURF CLUB ROAD #02-K53S(287994)See you there ğŸ˜ğŸ˜#pita #kebab #kebabsg #foodpandasg #foodpost #messypita #thegrandstand #paradisobyhao #foodsg #kebablovers #kebabhalal #chickenkebab",2021-03-20,16:01:54
165,laila_izyan,MEAL PLAN BERPUASA ADA TAU!ğŸ¥°Tinggal nak follow & turun berat dapat dream size baju yang best tu. Sempat ke coach? Sempattt jerrr bila start this April ni atleast 1 to 2 downsized ğŸ’ƒğŸ»The choice at the tips of your fingers â˜ğŸ¼ğŸ‘‰ğŸ» click link @ bio for info & enquiryğŸŒˆ @laila_izyan +65 94740557â¤ï¸ program benefits :ğŸ± zigzag meal planğŸ›’ groceries listğŸ“ health recipesğŸ¤¸ğŸ»â€â™€ï¸ home workoutğŸŒŸ rating meal sessionğŸ‘©ğŸ»â€ğŸ« healthy & dieting topicsğŸ§šğŸ¼â€â™€ï¸ personal coachğŸ‘­ğŸ»online support group#lailaizyan #teamlailaizyan #teamlivfitğŸ‡¸ğŸ‡¬ #lailadietclass101 #muslimahsg #hpbsg #activesg #singaporediet #eatcleansg #mummysg #singapore #diet #supportlocal #sgbridal #Suria #togetherstrongersg #mediacorpsuria #workingmum #wfh #halalsg #halalfood #popular #foodpandasg #warna942 #sgunited #pengantinsg #ctdk #islamsg #goje #pengantinsg #ctdk #islamsg,2021-03-20,14:13:58
166,su_ann1908,All Time Favourite ç™¾å¹´é…¿è±†è…!ğŸ˜‹#eat #nom #sgfood #sgfoodie #instafood #instafoodie #foodporn #foodie #foodpornsg #yum #dinner #foodpandasg #ç™¾å¹´é…¿è±†è… #é…¿è±†è… #sglocalfood,2021-03-20,13:14:05
167,its_lyddd,My fav tooooâ¤ï¸ğŸ‘,2021-03-21,09:32:42
168,su_ann1908,@its_lyddd ğŸ™Œyay!â£ï¸,2021-03-21,10:17:26
169,oo_foodielicious,"â–ªï¸MERCHANT BROTHERSâ–ªï¸â£â£Enjoying the best of Portuguese in the comforts of my home. ğŒğğ«ğœğ¡ğšğ§ğ­ ğğ«ğ¨ğ­ğ¡ğğ«ğ¬, a local fine food purveyors of over 100 retail items, allows you to whip up a feast with their Portugal-imported ingredients like spices, olive oil, dairy products and more. Furthermore, they are now offering a scrumptious menu via CaterConnect, featuring signature Portuguese delights such as ğ€Ã§ğ¨ğ«ğğš ğğ ğğšğœğšğ¥ğ¡ğšğ® ""ğğ«ğğšğ ğğ¨ğ«ğ«ğ¢ğğ ğâ€ $ğŸ”ğŸ–.ğŸ“ğŸ (seafood stew in sourdough rye bread), ğğšğœğšğ¥ğ¡ğšğ® Ã  ğğ«Ã¡ğ¬ $ğŸ‘ğŸ“ (a codfish-infused snack) and ğğšğ¬ğ­Ã©ğ¢ğ¬ ğğ ğğšğ­ğš ğ°ğ¢ğ­ğ¡ ğš ğ¬ğ©ğ«ğ¢ğ§ğ¤ğ¥ğ ğ¨ğŸ ğ‚ğ¢ğ§ğ§ğšğ¦ğ¨ğ§ ğğ¨ğ°ğğğ« $ğŸğŸ.ğŸ–ğŸ (egg tarts).â£â£â–ªï¸â£ğğ«ğğğ« ğ¨ğ§ğ¥ğ¢ğ§ğ: ğ˜”ğ˜¦ğ˜³ğ˜¤ğ˜©ğ˜¢ğ˜¯ğ˜µ ğ˜‰ğ˜³ğ˜°ğ˜µğ˜©ğ˜¦ğ˜³ğ˜´ ğ˜¢ğ˜µ ğ˜©ğ˜µğ˜µğ˜±://ğ˜¸ğ˜¸ğ˜¸.ğ˜±ğ˜¢ğ˜¯ğ˜µğ˜³ğ˜ºğ˜´ğ˜¦ğ˜­ğ˜¦ğ˜¤ğ˜µğ˜´.ğ˜¤ğ˜°ğ˜®/ and online platforms like ğ˜ˆğ˜®ğ˜¢ğ˜»ğ˜°ğ˜¯ ğ˜ğ˜³ğ˜¦ğ˜´ğ˜©, ğ˜ğ˜¢ğ˜ªğ˜³ğ˜—ğ˜³ğ˜ªğ˜¤ğ˜¦, ğ˜“ğ˜¢ğ˜»ğ˜¢ğ˜¥ğ˜¢, ğ˜—ğ˜¢ğ˜¯ğ˜¥ğ˜¢ğ˜®ğ˜¢ğ˜³ğ˜µ, ğ˜˜ğ˜°ğ˜°ğŸ·ğŸ¶, ğ˜šğ˜©ğ˜°ğ˜±ğ˜¦ğ˜¦ and ğ˜Šğ˜¢ğ˜µğ˜¦ğ˜³ğ˜Šğ˜°ğ˜¯ğ˜¯ğ˜¦ğ˜¤ğ˜µ â£â£â–ªï¸â£@oo_foodielicious ğŸ‘€! #oofoodielicious",2021-03-20,13:00:07
170,oo_foodielicious,........#sgfoodporn #sgfoodie #burpplesg #sgrestaurant #exploresingaporeeats #hungrygowhere #sonysg #caterconnect #shopeesg #lazadasg #foodpandasg #exploresingapore #visitsingapore #singaporetimes #stfoodtrending #sgonlineshop #foodsg #sgfoodies #merchantbrothers #portuguesefood #portugalfood #portuguesecuisine #seafoodstew #supportlocalsg,2021-03-20,13:03:10
171,aggylow,OmgğŸ”¥,2021-03-20,13:37:46
172,jacelynphang,"Stocking up my office pantry with all my favorite food items from @foodpandasgâ€™s pandamart! ğŸ¥°ğŸ¥°Hooked on it after one use because it can deliver anything you need within 30 minutes ğŸ˜± (fast, efficient and time saving!! I love it!).ğŸ“£ Donâ€™t miss their ğ…ğˆğ‘ğ’ğ“ ğğ€ğğƒğ€ğŒğ€ğ‘ğ“ ğƒğ€ğ˜ on 23-24 Mar where you can enjoy up to 50% off more than 1000 products on pandamart!! V good deal ğŸ‰ğŸ¥³ğŸ› Save when you shop, when you use @uobgroup card. Get extra $10 off with $40 spending, using <UOBMARTDAY>. No better time to stock up your essentials from food, wine, beer, to beauty and personal care and more! ğŸ¥³âœ¨",2021-03-20,11:59:19
173,jacelynphang,.....#jacelynphang #contentcreator #foodpanda #clozette #foodpandasg #lookbooksg #officelady #iloveeating #sgshop #smartshopping #shoponline #sgig #igers #styleblogger #pandamartsg #styleinspo #sgblogger #singaporeblogger,2021-03-20,12:01:26
174,wafflenessa,So happy ğŸ˜,2021-03-20,12:18:45
175,aggylow,Looking so good ğŸ”¥,2021-03-20,13:47:56
176,daryjenne_,Gg shopping~~~ ğŸ›’ğŸ›’,2021-03-20,18:21:24
177,sugar73,Love their quick delivery! ğŸ‘,2021-03-21,10:25:30
178,hi.riyah_weightlost_journey,"LET'S DOWNSIZE FOR SYAWALRecipies sihat & cukup nutrisi for iftar da settleâœ…âœ…Klau ada impian nk downsize & bergaya, da penat dengar makcikÂ² kata ""Da ""Sihat"" eh kau""ğŸ˜…Jom sama2 kiter samaÂ² lose weight dengan sihat.Bulan Ramadhan lagi, lajuÂ² je turun berat.Click link in bio to to know more about the programme.â™¡ 25 days programmeâ™¡ Meal plan providedâ™¡ Recipes providedâ™¡ Health topicsâ™¡ Group coaching & supportâ™¡ Combo workout video#nakkurus #jomkurus #jomsihat #bestkurus #beforeandafter #diettips #tipskurus #resipisihat #eatclean #eatcleandiet #eatcleanrecipes #makansedap #singapore #singaporefood #workinglife #hotdeals #activesg #teamnickhinhussein #teamahmadmizah #teamdillanur #teamnisahsohor #tv3 #mediacorp #viralpost #halalsg #halalfood #popular #foodpandasg #shopeesg #cute",2021-03-20,11:24:23
179,cherzinga,ğŸ’ GIVEAWAY ğŸ’One day I don't need to use the PS5 IG filter ğŸ¥² But you have a chance to win it yourself from @foodpandasg!!foodpanda is giving away 5 PlayStation 5 sets!! Make 3 orders on pandamart; or every 2 orders on foodpanda shops for an entry to the lucky draw! (Min spent $20 per order) < Contest ends 31 March 2021 >To save more:â€¢ Get $6 off on orders above $40 with <XLCART40>â€¢ Get $8 off with orders above $60 with <XLCART60>â€¢ $15 off orders above $80 with <XLCART80>(Applicable for all shops and pandamart outlets till end of March 2021)@foodpandasg #PlayStation5 #foodpandasg #sggiveaway #giveawaysg #sgcontest,2021-03-20,11:21:10
180,bolby404,OwO,2021-03-20,11:21:41
181,alexdope,FREE PS5 WHAT YOU WAITING FOR?!,2021-03-20,11:25:46
182,cherzinga,@alexdope KEKW,2021-03-20,12:49:42
183,g1d30n_y30,Wa,2021-03-20,13:14:22
184,lcg1ant,Love the hair!,2021-03-20,13:42:03
185,mezameplaysgames,O_o,2021-03-21,02:18:15
186,gogiyo.sg,"Korean Street BBQ - Gogi LoverComfort food during this ğŸŒ§ season ğŸ¤¤Letâ€™s gogiyo ~ğŸ“978 Toa Payoh N, #02-01, S319001 (Central)ğŸ“420A Clementi Ave 1, S120420 (West)ğŸ“69 Bedok South Ave 3, S460069",2021-03-20,10:41:14
187,gogiyo.sg,#gogiyosg #singapore #koreanbbq #armystew #foodporn #seafood #singaporehawker #coffeeshop #singaporefood #singaporefoodie #foodstagram #foodie #foodieofinstagram #eatbooksg #delivery #foodpandasg #grabfoodsg #lunch #dinner #ricebowl #ramyon #lunch #whatsforlunch #koreanricebowl #koreanfood,2021-03-20,10:41:46
188,donburiyo,ğŸ¤˜ğŸ¼Get Yours TodayğŸ¤˜ğŸ¼Milk Tea Seriesâ€¢ Brown Sugar (Healthier Choice Logo)â€¢ Roseâ€¢ Matchaâ€¢ Earl Greyâ€¢ Vanilla Ice Creamâ€¢ TaroMilk Seriesâ€¢ Rock Melonâ€¢ Almond#hausbrewsg #donburiyosg #supportlocalbusinesssg #japanesefoodsg #takeawaysg #dabaosg #foodsg #foodiesg #fooddeliverysg #grabfoodsg #foodpandasg #deliveroosg #goodfoodisgoodmood,2021-03-20,09:59:23
189,fazlina_manap,Choose your calories wiselyğŸ˜ƒA complete healthy plate of carbs and protein and right portion for your body size.These are some of the skills that we will learn in our weight loss program. Master this and you will sail smoothly in your weight loss journey!Join our weight loss program where you can learn how to lose weight healthily.. learn and apply healthy habits that your body will thank you for in the future.Click the link in my bio @fazlina_manap and contact me for details of program.#teamlivfit #fazlina_manap #nakkurus #tipskurus #resipisihat #eatclean #eatcleandiet #eatcleanrecipes #makansedap #singapore #singaporefood #workingmum #hotdeals #singaporesale #activesg #teamnickinhussein #teamahmadmizah #teamdillanur #tv3 #mediacorp #viralpost #halalsg #halalfood #popular #foodpandasg #shopeesg #kawinkawin,2021-03-20,08:47:11
190,fazlina_manap,"20% done!ğŸ’ªğŸ»Alhamdullilah, baru habis dating at the gym ğŸ¥°#teamlivfit #fazlina_manap #nakkurus #tipskurus #resipisihat #eatclean #eatcleandiet #eatcleanrecipes #makansedap #singapore #singaporefood #workingmum #hotdeals #singaporesale #activesg #teamnickinhussein #teamahmadmizah #teamdillanur #tv3 #mediacorp #viralpost #halalsg #halalfood #popular #foodpandasg #shopeesg #kawinkawin",2021-03-20,08:33:37
191,fuzzizzi,Amboi amboi ..dah boleh naik pelamin lagi nampaknya ni,2021-03-20,13:56:22
192,fazlina_manap,@fuzzizzi Masyallah Tabarakkallah. Naik pelamin belum plan lagi tapi mcm nak plan buat makeover photoshoot ğŸ¤­ğŸ¤­ğŸ˜‚ğŸ˜‚,2021-03-20,22:44:39
193,kedaikopisg,"Great News!Hoping to get your hands on our super cute â€œBandung Grenadeâ€ but planning to have order a delivery? Now you can order it on @grabfoodsg and @foodpandasg on the following stalls1) Tenderbest (Clementi)2) 380 Nasi Lemak3) Hawkerman Street Kitchen4) Banana GrillJust search for the name on the platform. On top of it, some of the stalls are offering discount on delivery fee for limited time too.Giant Yakult Drinks anyone?#kedaikopisg #clementi #sghalal #tenderfreshsg #kimlycoffeeshop #grabfood #grabfoodsg #foodpandasg #foodpanda #giantyakult #sghalalfood #halalsgfood #halalsg #sghalaldeals #eatbooksg #hhwt #tslmakan #sgmakan #sgmakandiary #sgfood #sgfoodgram #singaporeinsiders #8dayseat #yakult #nasigoreng #hokkienmee #sghawkerfood",2021-03-20,08:26:49
194,indis_sky_kitchen,#comingsoon #indisskykitchen #foodpandasg #honestbowl ğŸ˜‹ğŸ§¡,2021-03-20,08:10:14
195,sherrng,Can you spot a new toy here that you might be winning from @foodpandasg ?ğŸ®YES! @foodpandasg is giving away 5 x #PlayStation5You can stand a chance to win a PlayStation5 when you order from #foodpandasg! For every 3 orders on pandamart; or every 2 orders on foodpanda shops = 1 chance with a minimum spend of $20 per order to qualify.And Iâ€™m gonna share with yâ€™all some hacks! Check out my Instagram stories for some discount codes that give you up to $15 off! Order away and may you be one of the 5 lucky winners to win away a PS5! Contest is ending on 31 Mar so goodluck!â˜˜ï¸,2021-03-20,06:43:26
196,zhenthesnitch,flfc,2021-03-20,06:43:51
197,sherrng,@zhenthesnitch ğŸŒ,2021-03-21,03:30:31
198,fairycinematics,CUTE ! ğŸ˜,2021-03-20,06:52:20
199,sherrng,@fairycinematics ğŸ§šâ€â™€ï¸ğŸ’•,2021-03-21,03:30:04
200,dotzcraft,The sexy tower next to u! How's your ankle?,2021-03-20,11:47:59
201,sherrng,@dotzcraft slowly recovering. Thank you for asking!,2021-03-21,03:30:19
202,linweijun20,sherrngå§å§ï¼Œæˆ‘ç¥å¦³æ—©æ—¥åº·å¤,2021-03-20,13:18:31
203,sherrng,@linweijun20 è°¢è°¢ä½ ,2021-03-21,03:30:25
204,kenpgl,"@foodpandasg is having its first pandamart day on 23 and 24 March when users can enjoy up to 50% off on more than 1,000 products on pandamart and extra $10.00 off with @uobgroup cards.pandamart offers a wide range of products - from food, wine beer and spirits, to beauty and personal care and more with delivery to your home within 30 minutes.ğŸ“£ Get an extra $10.00 off $40.00 with code <UOBMARTDAY> for @uobgroup card members only.ğŸ’Œ Tks @foodpandasg for arranging!.#foodporn #sgeats #eatsg #sgeat #foodphotography #sgfoodie #sgfoodporn #sgfoodies #whati8today #foodiesg #foodgasm #igfood #singapore #asianfoodporn #foodgram #sgfooddiary #singaporefood #singaporefoodie #æ–°åŠ å¡ #åƒè²¨ #ç›¸æ©Ÿé£Ÿå…ˆ #nomsg #åƒè²¨äººç”Ÿ #é£Ÿå¥½è¥¿ #kenpgleats #fruits #cider #chips #foodpandasg",2021-03-20,06:33:55
205,wang_youlun,ğŸ‘ğŸ‘ğŸ‘ğŸ‘,2021-03-20,10:09:21
206,peroro_,Good choice you have chosen ğŸ˜,2021-03-20,15:46:17
207,qinzechang,ç´ æ™´ã‚‰ã—ã„æŠ•ç¨¿æ‹è¦‹ã—ã¾ã—ãŸğŸ˜,2021-03-21,01:33:24
208,getfit.nisah,"PERUT HILANG DALAM 1 SEASON! ğŸ˜ğŸ¥°.Jaga makan 80%, add on exercise 20%. Takde rahsianya. Hehe. Follow & commit jee. Semuanya dah tersedia dalam programme. Buat je. Go jeee! Mesti jadiiii! ğŸ’ƒğŸ»ğŸ’ƒğŸ».3 MORE SLOTS FOR APRIL INTAKE! ğŸ¤© Click link in bio to know more details about the programme ğŸ¥°.ğŸ’•25 days programmeğŸ’•Meal plan providedğŸ’•Recipes providedğŸ’•Group coachingğŸ’•Combo workout#nakkurus #jomkurus #bestkurus #beforeandafter #diettips #tipskurus #resipisihat #eatclean #eatcleandiet #eatcleanrecipes #makansedap #singapore #singaporefood #workingmum #hotdeals #singaporesale #activesg #teamnickhinhussein #teamahmadmizah #teamdillanur #teamnisahsohor #tv3 #mediacorp #viralpost #halalsg #halalfood #popular #foodpandasg #shopeesg #cute",2021-03-20,06:24:06
209,aikenchia,"Guys! @foodpandasg is giving away 5 x #PlayStation5! ğŸ® Food and games and my man-cave experience is complete!Stand 1 chance for every 3 orders on pandamart or every 2 orders made on foodpanda shops (with min spending of $20)Here are some promo codes for all you #foodpandasg users, so you can get discounts discounts you order!1. $6 off $40 (XLCART40)2. $8 off $60 (XLCART60)3. $15 off $80 (XLCART80)Contest is ending on 31st March so go and order now and please let me know if you win!!!",2021-03-20,05:57:40
210,rebeccasmith_08,Hahaha so cute.. like a happy childğŸ˜‚ğŸ˜‚ğŸ˜‚,2021-03-20,06:33:22
211,aikenchia,"@rebeccasmith_08 food + games, I'm good",2021-03-20,07:05:36
212,joannalhs,I am aiming your skippy!!!,2021-03-20,06:36:44
213,aikenchia,@joannalhs I don't even need bread!!,2021-03-20,07:05:42
214,niggiru_fagimus,Spiderman miles morales is a good game,2021-03-20,06:22:25
215,aikenchia,@niggiru_fagimus quite fun,2021-03-20,07:05:24
216,niggiru_fagimus,Highly recommend,2021-03-20,06:22:33
217,jxllomi,what games,2021-03-20,08:17:21
218,marcus_qjm,@jxllomi hi,2021-03-20,11:39:22
219,jxllomi,@marcus_qjm HAHAHAHAHAHA HI,2021-03-20,13:39:38
220,hearnmeng,Can you remember you owned the PS 1 at 7 years old bought at Tampines Mall.,2021-03-20,10:04:04
221,vantanjy,Ok gg in my @foodpandasg app now to order so I can win ps5 omg,2021-03-20,06:54:22
222,aikenchia,@vantanjy Yessss!!!,2021-03-20,07:05:19
223,thatboatnoodles_thatmooookata,"Our chef has something up his sleeves for ""Moooo""kataWe thank you for your support!ğŸ™‹ğŸ¼â€â™€ï¸ğŸ™ğŸ»Please continue to support us!ğŸ¥³ğŸ¥³Operating hours is as follows:1030am - 9pm (monday - friday)â€œMooooâ€kata starts at 4pm(monday - saturday )Sunday & PH: RESTğŸŒ»Address:121, Telok Ayer Street #01-01 (inside Telok Ayer coffeee shop, stall 4)Singapore 680590#thatmooookata #thatboatnoodles #foodpandasg #telokayercoffeeshop #thaiboatnoodlessg #mookatasg #yummyfoodsg #bestbeefnoodlessg #foodpandadelivery #valueformoneymookata #celebritychoicemookatA #bestbeefnoodlessg #grabfoodsg",2021-03-20,05:13:33
224,pooh_ong,Thai milk tea ?,2021-03-20,10:04:28
225,hi.riyah_weightlost_journey,"Da lunch...? You all mkn aper tu....?Best kan klau hari2 tak payah pikir nk mkn aper.... kiter ikot je meal plan yg da disediakan...SedapÂ² & turun berat pulak tu. Best sgtÂ²Nk tahu mcm maner mkn 5 hari pon boleh turun berat, jom click on link in bio.âœ… 25 days programmeâœ… Meal plan providedâœ… Recipes providedâœ… Health topicsâœ… Group coaching & supportâœ… Combo workout video#nakkurus #jomkurus #bestkurus #beforeandafter #diettips #tipskurus #resipisihat #eatclean #eatcleandiet #eathealthy #eatcleanrecipes #makansedap #singapore #singaporefood #workinglife #hotdeals #singaporesale #activesg #teamnisahsohor #halalsg #halalfood #popular #foodpandasg",2021-03-20,05:07:43
226,nusantara.singapore,"Banana leaves serve many purposes in Asian cooking, from adding flavor to foods cooked inside them, to simply being used as a colorful and exotic background for serving-plates and party platters.â In Indonesian cuisine, banana leaf is employed in cooking method called pepes and botok; the banana leaf packages containing food ingredients and spices are cooked on steam, in boiled water or grilled on charcoal. Banana leaves are also used to wrap several kinds of snacks kue (delicacies), such as nagasari or kue pisang and otak-otak, and also to wrap pressed sticky rice delicacies such as lemper and lontong.â Nusantara Singapore believes in traditional cooking style so you get that authetic taste always!",2021-03-20,04:00:35
227,nusantara.singapore,#bananaleaf #nusantarasingapore #nusantara #traditionalcooking #diningexperience #hotspot #traditionalfood #homemade #instafood #cooking #delicious #food #asiancuisine #hungrynusantarasg #fraserstower #sgfoodies #foodpornsg #instafoodsg #sgfoodporn #foodiesg #malayfood #indonesianfood #singaporeanfood #igsgfood #foodpandasg #lunchsg #sglunch #rendang,2021-03-20,04:00:41
228,southernsoul.sg,"Indulge in our range of Nashville-Style Hot Sauce Fried Chicken, delivered directly to your doorstep, guilt-free. There's no shame in some comfortfood for the soul!#southernsoul #friedchicken #southernfriedchicken#southernfood #soulfood #comfortfood #chicken#chickenwings #chickenburger #homemade #hotsuace #comfort #foodpandasg #grabfoodsg #deliveroosg #sgmakan #sgfood #diarymakan",2021-03-20,04:00:27
229,voltpizzeria.sg,Easter Special. Our Honey Butter Series back by popular demand. Available now. Try it today!#HoneybutterSeries #honeybutterburger #honeybuttertenders #honeybutterwings #burgers #wings #tenders #grabfoodsg #foodpandasg #deliveroosg #sgmakan #Voltpizzeria #volt #Pizza #weekendvibes #limited #easterspecial #easter,2021-03-20,03:00:19
230,thatebikechannel,"Chirrey Y1+ Ebike in Red & Black ğŸ˜Purchase direct from us at only $1150!Whatsapp: +65 87526499Test ride at 35 Tong Lee Building, Block A, #08-02 (Mattar MRT)â˜‘ï¸ Installment plans available dm to find out#ecodriveebike #y1 #chirrey #ebikesingapore #grabfoodsg #foodpandasg #ebike #ebike #eletricbicycle #riding #singapore #sg #cycle #cycling",2021-03-20,02:37:35
231,getfit.nisah,"INI RESULTS SAYA SENDIRI â˜ºï¸.Alhamdullilah! Programme weightloss online ni senang jee nak follow. Follow, commit & consistent. Tup tup dah lost 23kg. MasyaAllah tabarakallah. Its going to be worth it! It is for me. So if i can do it, you can too! ğŸ¥°ğŸ¥°.ğŸ’•25 days programmeğŸ’•Meal plan providedğŸ’•Recipes providedğŸ’•Group coachingğŸ’•Combo workout#nakkurus #jomkurus #bestkurus #beforeandafter #diettips #tipskurus #resipisihat #eatclean #eatcleandiet #eatcleanrecipes #makansedap #singapore #singaporefood #workingmum #hotdeals #singaporesale #activesg #teamnickhinhussein #teamahmadmizah #teamdillanur #teamnisahsohor #tv3 #mediacorp #viralpost #halalsg #halalfood #popular #foodpandasg #shopeesg #cute",2021-03-19,11:55:51
232,donburiyo,ğŸ¤˜ğŸ¼Milk Tea Series. Get Yours TodayğŸ¤˜ğŸ¼#hausbrewsg #donburiyosg #supportlocalbusinesssg #japanesefoodsg #takeawaysg #dabaosg #foodsg #foodiesg #fooddeliverysg #grabfoodsg #foodpandasg #deliveroosg #goodfoodisgoodmood,2021-03-19,11:37:48
233,danialron,Donâ€™t miss out the perfect opportunity to snack while gaming because foodpanda is giving away FIVE PlayStation 5 and you have until the 31st of March to garner as much chances as you can! You get one chance for every 3 orders on pandamart or every 2 orders on foodpanda shops and with a minimum spending of $20! @foodpandasg #PlayStation5 #foodpandasg #sp,2021-03-19,11:08:00
234,samin.yasharxl,ğŸ˜ğŸ˜ğŸ˜,2021-03-19,11:51:13
235,yomjum14,Okay....but what's wrong with your hairğŸ˜…,2021-03-19,14:17:23
236,espadaposting,Cyclone! Joker!,2021-03-19,15:15:02
237,ismamtalha,Bro. The hair ğŸ˜­ğŸ˜­ğŸ˜­ğŸ˜­.... (hope this is temporary)ğŸ˜…,2021-03-19,22:52:00
238,zaimahdotmalik,Omg the hairğŸ˜­,2021-03-20,08:50:37
239,zaimahdotmalik,You were better before,2021-03-20,08:51:01
240,zaimahdotmalik,Pls temporary ğŸ˜…,2021-03-20,08:51:20
241,axlixie21,WowğŸ˜®ğŸ˜®ğŸ˜®,2021-03-20,10:22:11
242,pita.kebabs,"ğŸ¥™Our #Pita Pockets are available for #Islandwide delivery, #takeaway & #dine-in! ğŸŒOrder Now: www.pitatree.com/orderWe are opened till 1 AM tonight ğŸ˜‰#singapore #discoversg #pitatreesg #sgfoodtrends #sgig #igsg #mediterraneanfoodsg #mediterraneancuisinesg #orchardsg #supperspotsg #singaporesupper #pitapocketsg #sgfoodblogger #sgfoodies #islandelivery #takeaway #eclectiqueconcepts #savefnbsg #grabfoodsg #foodpandasg #chickenshish #supportlocalsg",2021-03-19,11:01:20
243,namjaunni,ğŸ¤”WANT TO WIN A FREE PS5 FROM @foodpandasg?!ğŸ¤”â£â£foodpanda is giving out 5 sets of #Playstation5 and all you have to do is to order from pandamart or foodpanda shops! You get 1 chance for every 3 orders on pandamart or every 2 orders on foodpanda shops with a min spending of $20âœ¨â£â£ğŸ¤‘Contest is ending on 31 March 2021 but donâ€™t say I never help hor! Head on over to my IG Stories for some #foodpandasg voucher codes to help make your foodpanda shopping a lot more cheaper!ğŸ’¸ğŸ’µ,2021-03-19,10:44:46
244,dasdyl,Yesssss. I wanna win!!!,2021-03-19,10:51:35
245,fishballschia,I wanna swim in snacks too,2021-03-19,11:15:55
246,adibibrahim666,Malaysia can join or not? Haha,2021-03-19,11:16:52
247,nahtanojyt,Time to whack lah sia,2021-03-19,13:38:49
248,meggychiaaaa,"Dimsum so fresh like I steamed it myself ğŸ¥ŸğŸ¥¢ Skip long queues and get your yummy meals with no waiting time! Just order your meal via the @foodpandasg app and select â€œPick-Up orderâ€ for 30% off from now till the end of March. My favourite restaurants on the list are Tim Ho Wan, Dominos, Wing Zone, and Fat Burger! How about you? Go check it out and let me know â™¥ï¸ğŸ¥¢ #foodpandasg",2021-03-19,09:55:56
249,arianteo,Auntie Megan ğŸ”¥ğŸ¤©,2021-03-19,09:58:48
250,meggychiaaaa,@arianteo shuai ge lai lai ğŸ˜,2021-03-19,10:01:33
251,larrylow_dragonscorpio,ğŸ˜‚ğŸ˜‚ so cute ğŸ˜‚ğŸ˜‚,2021-03-19,10:35:45
252,meggychiaaaa,@larrylow_dragonscorpio ğŸ˜¬ğŸ˜¬ xiexie,2021-03-19,11:59:21
253,cherylyao,Qttttt,2021-03-19,12:12:35
254,meggychiaaaa,@cherylyao hehe thank you cheryl â¤ï¸,2021-03-20,11:24:45
255,valniceyek,SO CUTE LOL,2021-03-19,10:29:10
256,meggychiaaaa,@valniceyek thank u hehe,2021-03-19,11:59:07
257,zoealiciatan,Ur so cute omg,2021-03-19,10:38:20
258,meggychiaaaa,@zoealiciatan hehe thanks zoe!!,2021-03-19,11:59:27
259,naicotong,LOL A VIBE,2021-03-19,10:12:58
260,meggychiaaaa,@naicotong i will steam the best paos for u â¤ï¸,2021-03-19,11:58:15
261,jonghandsome,legs closed and bibles open pls!!! ğŸ˜¡ğŸ˜¡ğŸ˜¡ğŸš¨ğŸš¨ğŸš¨ğŸš¨ğŸš¨,2021-03-19,11:18:20
262,meggychiaaaa,@jonghandsome are u judging a poor auntie ğŸ˜¢,2021-03-19,12:01:15
263,peenknees,I love this,2021-03-19,10:17:50
264,meggychiaaaa,@peenknees thank u ah girl!,2021-03-19,11:58:26
265,genevievesjy,HAHAHAHAHAHA UR POSE PLS,2021-03-19,11:57:57
266,meggychiaaaa,@genevievesjy sis i gotta keep it AUTHENTIC,2021-03-19,12:01:37
267,llua,HAHAHHA megan ğŸ‘ğŸ˜‚,2021-03-19,10:21:31
268,meggychiaaaa,@llua HAHAH THANK U laura â¤ï¸,2021-03-19,11:58:32
269,hannahalkaff,HAHA I LOVE THIS,2021-03-19,09:58:12
270,meggychiaaaa,@hannahalkaff THANK U i think i can start my own restaurant ğŸ˜œ,2021-03-19,09:59:41
271,aeaeeo,my fav of all your photos,2021-03-19,13:29:40
272,meggychiaaaa,@aeaeeo HAHAHHA bringing home vibes to u across the web â¤ï¸,2021-03-20,11:25:17
273,berlycia,if i order foodpanda will i see u at my doorstep,2021-03-19,11:13:05
274,meggychiaaaa,@berlycia good question pls @foodpandasg!,2021-03-19,12:00:56
275,jimmy__teo,çœ‹ç€é²é±¼åƒç‚¹å¿ƒğŸ˜‚,2021-03-19,10:35:10
276,meggychiaaaa,@jimmy__teo æˆ‘åœ¨çœ‹ç‚¹å¿ƒï¼,2021-03-19,11:58:50
277,sierralixing,U damn cute Sia,2021-03-19,10:50:05
278,meggychiaaaa,@sierralixing no u ğŸ˜¤âœ‹ğŸ¼,2021-03-19,12:00:33
279,jerrylimyz,This is legit the best photo of you Iâ€™ve ever seen that encapsulates your entirety,2021-03-19,10:07:31
280,meggychiaaaa,@jerrylimyz that is QUESTIONABLE ğŸ§ğŸ§,2021-03-19,11:58:04
281,jerrylimyz,@meggychiaaaa you are questionable,2021-03-19,11:59:02
282,qhventures,Kopi bing pls aunty,2021-03-19,10:02:53
283,meggychiaaaa,@qhventures ah boy wrong store,2021-03-19,11:57:38
284,meggychiaaaa,ğŸ·,2021-03-19,09:56:29
285,meggychiaaaa,#igsg #sgootd #sgig #exploresg #sggirls #sgbeauty #sginsta #sginstagram #sgblogger #sggirl #girlgetters #sgladies #lifestylesg #singaporegirl #tedssingapore #singaporean,2021-03-19,09:57:47
286,berlycia,dim sum dolly,2021-03-19,11:12:02
287,crazybubble,HAHAHAHA I CACKLED,2021-03-19,10:43:47
288,meggychiaaaa,@crazybubble ISSA DIFF VIBE,2021-03-19,11:59:41
289,bagofbeautiful,Love your face â™¥ï¸,2021-03-19,13:09:34
290,muzzyus,Does that make @qhventures an auntie killer ğŸ‘€,2021-03-19,11:03:51
291,meggychiaaaa,@muzzyus since 1999,2021-03-19,12:00:39
292,mattlovescookies,@thewan4u DoppelgÃ¤nger,2021-03-19,10:06:19
293,meggychiaaaa,@mattlovescookies STOPPPP HAHAHA,2021-03-19,11:57:47
294,potatolab.sg,Easter Special. Our Honey Butter Series back by popular demand. Available now. Try it today!#HoneybutterSeries #honeybutterburger #honeybuttertenders #honeybutterwings #PotatoLab #burgers #wings #tenders #grabfoodsg #foodpandasg #deliveroosg #sgmakan #potatolab #fries #potato #lab #TGIF #Fridayvibes #weekendvibes #limited,2021-03-19,09:30:51
295,phatfingers.sg,"Nacho Kimcheese @PhatFingers is one of our Top Mega Sides! Get your hands messy with the oozy nacho cheese, gochujang aioli, kimchi salsa, chopped picked cucumbers and scallions topped on the seasoned tortilla chips!Order now from the link in our bio, and enjoy an exclusive 20% discount from Grabfood, Foodpanda, Deliveroo! for a limited time only!#Nacho #Nachokimcheese #kimcheese #Top #Mega #Topmegasides #oozynachocheese #gochujang #gochujiangaioli #kimchisalsa #choppedpickedcucumbers #scallions #toppings #seasonedtorillachips #chils #messy #koreanchicken #korean #deliveroosg #foodpandasg #grabfoodsg #oddleats #sgmakan #sgmakandiary #makangowheresg",2021-03-19,09:30:17
296,tiffinwalla.sg,"Kick start your weekend with Tiffin Walla's Buddy MealsMeals are more delicious when shared with your friend or family! Dig into a Butter Chicken Set or Chicken Tikka Masala Set, Saag Paneer Set, 2 Garlic Naans and Vegetable SamosasOrder now and enjoy an exclusive up to 25% discount for Grabfood Bundle & Deal.#TiffinWalla #Buddymeal #bundle #Bundlendeal #mealsfortwo #chicken #butterchicken #chickentikka #chickentikkamasala #saag #paneer #garlic #garlicnaans #vegetables #vegetablesamosas #foodpandasg #deliveroosg #Grabfoodsg #Oddleeats #makangowhere #makan #foodie #indian #indiancuisine",2021-03-19,09:30:16
297,southernsoul.sg,Easter Special. Our Honey Butter Series back by popular demand. Available now. Try it today!#HoneybutterSeries #honeybutterburger #honeybuttertenders #honeybutterwings #burgers #wings #tenders #grabfoodsg #foodpandasg #deliveroosg #sgmakan #southernsoul #southern #TGIF #easterspecial #easter #limitedtime,2021-03-19,09:26:13
298,millionfactoryclub,VersatilityIt pumps many things. Get your pancit tyre fixed on the go! Donâ€™t let it cut your spirit down while doing delivery ğŸ’¯DM us for inquiries!Share with your rider kakis who has a flat tyre... ğŸš´â€â™‚ï¸ğŸ,2021-03-19,09:11:51
299,millionfactoryclub,......#grabfood #grabsg #gradfoodsg #grabdelivery #foodpanda #foodpandasg #deliveroo #deliveroosg #mfc #millionfactoryclub #deliveryriders,2021-03-19,09:12:10
300,publicopastabar,Easter Special. Our Honey Butter Series back by popular demand. Available now. Try it today!#HoneybutterSeries #honeybutterburger #honeybuttertenders #honeybutterwings #PotatoLab #burgers #wings #tenders #grabfoodsg #foodpandasg #deliveroosg #sgmakan #publicopastabar #pasta #Limited #EasterDay,2021-03-19,09:09:55
301,ichigoes__,"| respect all, fear none",2021-03-19,08:40:32
302,ichigoes__,#JustGoShoot #InstaGood #InstaPhoto #PicOfTheDay #PhotoOfTheDay #Photogram #Capture #PhotographyDaily #PhotographyIsLife #iPhoneography #Camera #Composition #Photoshop #Instadaily #Igers #Cityscape #HDR #HDRspotters #Instafocus #IGworldclub #Visuals #Aesthetics #ThroughTheLens #Snapshot #Exposure #Moment #foodpanda #foodpandasg,2021-03-19,08:41:29
303,heyyogurtsg,"Goodbye, BBT. ğŸ‘‹ GOOD BUY = Hey Yogurt! ğŸ‘Snack on some healthy goodness instead for your tea-time break and we'll reward you with ğ—™ğ—¥ğ—˜ğ—˜ ğ——ğ—˜ğ—Ÿğ—œğ—©ğ—˜ğ—¥ğ—¬.Order now with OFFPEAK promo on GrabFood.*T&Cs apply.#freedeliverygrabfood #freedelivery #grabfoodsg #heyyogurt #heyyogurtsg #yogurtdrink #yogurt #singapore #sgfoodie #sgfood #sgdrink #bbt #bbtsg #byebbtheyyogurt #friday #march #marchpromo #foodpanda #foodpandasg #grabfood #ourtampineshub #jurongpoint #vivocity #friday",2021-03-19,07:12:36
304,currywok_sg,"Dining in at the comfort of your home with your family? Or, having a picnic day out with your children?Look no further! We provide great outdoor ğ©ğšğœğ¤ğğ ğ¦ğğšğ¥ğ¬ for any occasion. â›±Enjoy this school holiday with your kids, with our easy to carry and crispy ğğğ¥ğ¢ğœğ¢ğ¨ğ®ğ¬ ğŸğ¢ğ§ğ ğğ« ğŸğ¨ğ¨ğ.ğŸ–Bring our Party Platter / Bento Set/ Kong Bak Pau /Dessert and party at home or anywhere outside anytime. ğŸğŸ“ Call us/WhatsApp at 91070265 to find out more!#currywoksg #fooddeliverysg #sgdelivery #sgcomfortfood #savefnbsg #homecookedfood #deliveroosg #foodpandasg #grabfoodsg #eatoutsg #whati8today #hungrygowhere #topcitybites #8dayseat #singaporeinsiders #eatoutSG #sgfood #sgfoodies #foodsg",2021-03-19,06:37:01
305,fyizakaya,Featuring our Yakiniku Foie Gras Truffle Don. Burst the runny onsen egg ğŸ¥š and mix everything together for a delicious bite!-Dig into our delicious Teishoku now! Available daily during lunch and 5pm-7pm.-ğŸ“Call us at 6443 0400 or https://tinyurl.com/y2gz59nv to reserve a table!-#FYIzakaya #FreakinYummy,2021-03-19,05:13:00
306,fyizakaya,#savefnbsg #loveyourlocalsg #supportlocalsg #sgunited #fooddelivery #foodgasm #foodphotography #foodporn #foodspotting #foodstagram #buzzfeedfood #buzzfeast #gastronomia #getinmybelly #nomnom #huffposttaste #foodiee #singapore #hungrygowheresg #sgfood #grabfoodsg #foodpandasg #kulukulu #japanesefood #hungrygowhere,2021-03-19,06:18:18
307,fyizakaya,Our FYI Teishoku includes:ğŸ› Tempura TendonğŸ› Buta Katsu Curry DonğŸ› Salmon Mentai Yaki DonğŸ› Ebi Fry Kare Don-Enjoy them now during lunch hours and 5pm-7pm daily!-ğŸ“Call us at 6443 0400 or https://tinyurl.com/y2gz59nv to reserve!-#FYIzakaya #FreakinYummy,2021-03-19,04:50:23
308,fyizakaya,#savefnbsg #loveyourlocalsg #supportlocalsg #sgunited #fooddelivery #foodgasm #foodphotography #foodporn #foodspotting #foodstagram #buzzfeedfood #buzzfeast #gastronomia #getinmybelly #nomnom #huffposttaste #foodiee #singapore #hungrygowheresg #sgfood #grabfoodsg #foodpandasg #kulukulu #japanesefood #hungrygowhere,2021-03-19,06:18:12
309,wishuponatart,"< S A L E S > Mark your calendar, seriously, cos @foodpandasg is having their first pandamart day on 23-24 Mar 2021, where shoppers can enjoy up to 50% off on >1000 products on pandamart!What you see here is just a tiny fraction of whatâ€™s gonna be available during the sales! Happy shopping on a wide range of products, from food to beauty to personal care to baby products and more!ğŸŒ¸FURTHER PROMOğŸŒ¸Quote <UOBMARTDAY> to receive extra $10 off $40 (for UOB card members only)....#sp #foodpandasg #pandamartsg #sgpromo #sgsales #sgdeals #sgdeal #sgpromotion #sgeats #flatlay #foodflatlay #tastyflatlay #sgig #singaporeinsiders #foodgram #instafood #foodphotography #wishuponatart_eats",2021-03-19,04:12:36
310,_boyz86,Wow that's great!,2021-03-19,13:55:22
311,dingsleepy,OMG I GOT THAT PHONE STRAP ALSO AHAHAHha,2021-03-20,04:23:07
312,makanwarrior,Nice flatlay!,2021-03-19,04:20:57
313,sugar73,I canâ€™t wait too!!! ğŸ‘ğŸ‘ğŸ‘,2021-03-19,04:14:51
314,nikolai_wee,Nice ğŸ‘,2021-03-19,04:16:48
315,dressacake,So convenient,2021-03-19,10:29:34
316,lindesiree,Lotte snacks r my favourite ğŸ¤©,2021-03-19,04:15:20
317,wafflenessa,Wow thats huge savings!!,2021-03-19,04:15:09
318,dangimhungry,Woow a great selection ğŸ˜,2021-03-19,07:44:23
319,serenetomato,Always looking out for sales ğŸ˜‰,2021-03-19,04:19:06
320,jaxlyx,The snacks look so good ğŸ˜‹,2021-03-19,04:48:46
321,foodilicious_diva,Love their App ğŸ˜,2021-03-20,11:45:44
322,myfarrahdise,Wow sale can't wait!,2021-03-20,11:38:54
323,bryanongyy,Great haul from foodpanda,2021-03-19,08:21:35
324,thefatfam_,So many snacks ğŸ˜,2021-03-19,13:41:21
325,darr3n0ng,So many goodies,2021-03-19,05:39:17
326,mylifeas_revehsha,Wah looks so nice,2021-03-19,04:19:00
327,foodiejerm,Wow sounds good,2021-03-20,17:02:38
328,leptonyxscript,Always admire ur shots!!ğŸ‘ğŸ‘,2021-03-19,11:55:15
329,iam_shirleytung,Great deal,2021-03-20,01:58:47
330,kevin_the_hiak,Wahhh good offer mei @wishuponatart,2021-03-19,11:47:06
331,nusantara.singapore,Asam Pedas at Nusantara Singapore. â€œSour & spicyâ€ salt water fish cooked in tangy & spicy broth is sure to tantalize your taste buds! â Try this delicious dish at Fraser Towers from Monday through Friday from 11:30 am.â â ,2021-03-19,04:00:38
332,nusantara.singapore,#fishbowl #nusantarasingapore #nusantarasg #fraserstower #ricebowl #pokebowl #foodsg #sgfoodie #singapore #igsg #sgeats #instafood #sgfood #sgfoodies #foodpornsg #instafoodsg #sgfoodporn #foodiesg #asampedas #malayfood #indonesianfood #singaporeanfood #igsgfood #foodpandasg #supper #lunchsg #sglunch #sgdinner #dinnersg,2021-03-19,04:00:48
333,nikolai_wee,Super yummy delicious ğŸ¤¤,2021-03-19,07:43:26
334,madamwongs.sg,"Steeped in rich Chinese heritage, Madam Wong's is here to change 'Chinese Takeout' for good, serving quality asian home cooking for family and friends to enjoy together. Celebrate tradition, order now from our link in bio!#madamwongs #madam #wong #chinesefood #chinesetakeout #americanchinese #american #expat #expatchinesegroup #tgif #positivevibes #deliveroosg #foodpandasg #grabfoodsg #oddleeats #sgmakan #sgfood #diarymakan",2021-03-19,04:00:09
335,alainlicious,"#TGIF Happy Fryday! ! I wonder who came up with the idea of putting fries ğŸŸ and mac & cheese on pizza? And combining tabletop games ğŸ® into the meals - thatâ€™s @the_priorityclub where you can level up your day/night with pizzas, pastas, drinks and fun!A first of its kind delivery concept conceived by the creative folks at Da Paolo Group @dapaolosg, making food delivery a lot more entertaining! ğŸ¤© Kudos to the food packaging that is convertible into a game of chess and playing cards, we can now Eat . Play . Drink all-in-one.The menu is quirky, bold in flavours, yet tasty enough for everyone to enjoy. Try #PriorityPizza ğŸ• options like #CurryCurryRevolution that features Japanese curry and golden fries on dough, #64bitKebabs is a pizza marriage of Italian and Turkish cuisine, and #TruffleMacAttack is a vegetarian friendly pizza loaded with truffle mac and cheese.You can also find a range of #PriorityPasta ğŸ and sides include handmade Beef Meatballs with Swedish Gravy, Popcorn Chicken with one choice of dip - Japanese Curry, Swedish Gravy, Greek Garlic Yoghurt, Mentaiko Sauce. Thereâ€™s also beverages ğŸ¥¤ like beer, cocktail and fruity & floral Sakura and Luna cold brew Prioriteas.Enjoy Free Delivery on orders above $50 via www.thepriorityclub.com. Bundle deals for 2 to 4 players start from $52.90 comes with 1 pizza, 2 sides, 2 teas and a free chess set. Delivery ğŸ›µ is also available on @grabfoodsg, @foodpandasg and @deliveroo_sg but for a la carte orders with 20% off all sides and teas. Now, whatâ€™s your priority? #food #thepriorityclub",2021-03-19,03:57:20
336,alainlicious,......#foursquare #foursquarefind #stayathome #eatathome #pizza #delivery #sgforsg #savefnbsg #pizzalover #pizzatime #fries #grabfoodsg #foodpandasg #deliveroosg #thepriorityclubsg,2021-03-19,03:59:29
337,elviraho,how i miss singaporeğŸ˜­ğŸ˜­ğŸ˜­,2021-03-19,05:14:52
338,alainlicious,"@elviraho when everything is over, ğŸ˜· welcome you back! ğŸ˜",2021-03-19,07:48:12
339,rozawillis,Howâ€™s the fries on pizza??,2021-03-19,12:35:08
340,alainlicious,"@rozawillis the flavours are acceptable, but need to share with bigger group cos #carbsoncarbs a little too heavy and fills me up very quickly!",2021-03-20,02:47:22
341,birdfolks.sg,"Crispy toasted crust and a soft fluffy texture inside smothered in the sweet, sticky condensed milk is simplicity at its best! Perfect for a quick bite or to share ğŸ¤—â €#birdfolkssgâ €",2021-03-19,03:19:47
342,birdfolks.sg,â €.â €#supportlocalsg #deliverysg #burpple #foodinsing #sgunitedâ €â €#westcoast #clementi #jurongeast #nussg #jurongâ €â €â €#grabfoodie #foodpandasg #deliveroosg #sgfooddelivery #islandwidedeliveryâ €â €#exploresingaporeeats #sgfoodie #sgfood #eatoutsg #setheatsâ €â €#cafesg #sgcafefood #sgcafehopping #sgcafe,2021-03-19,03:19:59
343,hi.riyah_weightlost_journey,"SIAPE KAT, LELEKI TAK PERLU DIETIni results mereka ~1st photo, total lost 30kg2nd photo, lost 13kg in 1 season3rd photo, lost 12kg in 1 seasonBest kan ringgan je nk jalan skrg... Guys yg betul2 nk lose weight, ader determination & dedication, ikut programme, meal plans rapat2 mesti dpt better results yg sgtÂ² amazing sbb you all ader higher metabolism.Click link in bio to to know more about the programme.Whats provided in our programme:âœ´ 1 season, 25 daysâœ´ Meal plan providedâœ´ Recipes providedâœ´ Health topicsâœ´ Group coaching & supportâœ´ Combo workout video#nakkurus #jomkurus #bestkurus #beforeandafter #diettips #tipskurus #resipisihat #eatclean #eatcleandiet #eatcleanrecipes #makansedap #singapore #singaporefood #workinglife #hotdeals #singaporesale #activesg #teamnickhinhussein #teamahmadmizah #teamdillanur #teamnisahsohor #tv3 #mediacorp #viralpost #halalsg #halalfood #popular #foodpandasg #shopeesg #cute",2021-03-19,01:44:19
344,getfit.nisah,"BERGAYA BERKEBAYA DI HARI RAYA! ğŸ’ƒğŸ»ğŸ’ƒğŸ».Nampak kan reshape tu? Makin mengecil dah! Amazing sangat! Tau tak bila kita berpuasa dan jaga makan at the same time, process penurunan berat badan akan jadi 40% lebih lajuuu berbanding dengan bulan2 yg lain. So why not take this chance to start the journey!.April intake akan bermula 3rd April. Get ready for Ramadhan! ğŸ¥°ğŸ¥°.Click link in BIO to know more details about the programme..ğŸ’•25 days programmeğŸ’•Meal plan providedğŸ’•Recipes providedğŸ’•Group coachingğŸ’•Combo workout#nakkurus #jomkurus #bestkurus #beforeandafter #diettips #tipskurus #resipisihat #eatclean #eatcleandiet #eatcleanrecipes #makansedap #singapore #singaporefood #workingmum #hotdeals #singaporesale #activesg #teamnickhinhussein #teamahmadmizah #teamdillanur #teamnisahsohor #tv3 #mediacorp #viralpost #halalsg #halalfood #popular #foodpandasg #shopeesg #cute",2021-03-19,01:41:52
345,cforcoffeee,"You can enjoy the convenient in just one click! ğŸ¥° I got all these snacks from @cheers_sg delivered to my doorstep from foodpanda shops - a creative way to fix my food cravings during office hour!@foodpandasg having their brand weeks promotion now valid from 15-21 March 2021.Donâ€™t miss the chance to enjoy 30% off top brand brands like Kuriya, @guardiansg , @cheers_sg , @marksandspencer_sg , @mothercaresg , @godivasingapore and many more on foodpanda shops with code <SHOPSBW3> minimum order of $15, you will be able to enjoy max discount of $10! Happy Friday! ğŸ¥°#foodpandasg",2021-03-19,01:15:11
346,qingwennc,ğŸ˜ğŸ˜,2021-03-19,02:09:42
347,cforcoffeee,@qingwennc more snacks ğŸ™Œ,2021-03-19,11:28:35
348,shichuann,Add to cart now ğŸ›’,2021-03-19,02:21:18
349,cforcoffeee,@shichuann fast and furious ğŸ”¥ğŸ”¥,2021-03-19,11:28:27
350,qinlovesmacaronsss,i love your illustration babe. top notch! i keep buying from guardian and kuriya. just nice there are at my area! hehe,2021-03-20,00:36:18
351,makanwarrior,"@foodpandasgHow many of you dread being stuck in a queue and waiting forever for your turn to order?! Well good news for you! Now you need not as @foodpandasg is offering up to 30% off full menu for selected restaurants (or 15% off all other restaurants!) when you Pick-Up your order! Itâ€™s that simple!ğŸ”»All you have to do is to click into the pick up section of the food panda app, and then select from the extensive selection and head over to collect! No queues, no long wait! Very simple and straightforward!ğŸ”»I did my pick up with @aoneclaypot at it was a breeze with my food waiting for my arrival and on top of that, I still have my discount! What more could you ask for?!ğŸ”»From now till end of March Enjoy 30% off FULL MENU from selected restaurants (Dominos, Long John Silve, Hans Im Gluck, Subway, Tim Ho Wan, Manhattan Fish Market, Wafuken, Wing Zone, Shake Farm, Fat Burger, A-One ) when you select Pick-Up order! Hurry and start picking up now!ğŸ”¹ğŸ”¹ğŸ”¹ğŸ”¹ğŸ”¹#aoneclaypot#aoneclaypotsg#foodpanda#foodie#eatsg#foodpandasg#sgunited#foodpandapickup#sgunited#sgfoodporn#pickup#sgfoodtrend#sgfood#foodsg#foodporn#makanwarrior#instasg#foodpics#foodgasm#instasg#sgfoodies#openrice#sgmakandiary#savefnbsg#STFoodtrending",2021-03-18,14:37:05
352,princessezyt,Me me me!!!! Mai Tu Liao ğŸ”¥,2021-03-18,17:12:33
353,darr3n0ng,So convenient,2021-03-18,17:01:25
354,sweetsncrackers,ğŸ¤¤ğŸ¤¤,2021-03-18,15:51:33
355,dingsleepy,Yahs I canâ€™t live without food apps â¤ï¸â¤ï¸â¤ï¸,2021-03-19,11:06:15
356,_boyz86,Bowls of goodness,2021-03-18,15:02:18
357,adibeevince,ğŸ˜ğŸ˜ğŸ˜,2021-03-18,14:40:23
358,vincentfoodstagram,"Slurp slurp, so delicious! My favourite ğŸ¤¤ğŸ¤¤ğŸ¤¤",2021-03-18,14:55:16
359,foodee.diaree,love your shofs â¤ï¸,2021-03-18,16:11:12
360,wafflenessa,Yes food delivery for no queues pls ğŸ˜‚,2021-03-18,14:53:00
361,jacinthawee,So convenient!,2021-03-18,15:18:46
362,thehungryfeet,Wow great deal ğŸ™Œ,2021-03-18,15:02:07
363,travlim,Yea bro the pick up function is convenient! Plus the discounts! ğŸ‘,2021-03-18,15:17:35
364,thehedgehogknows,Comforting fried rice!,2021-03-19,00:08:51
365,karhingc,Great deals ğŸ˜,2021-03-18,16:04:48
366,foodiegoh,Love their porridge!ğŸ˜,2021-03-18,15:32:56
367,food.ally,What a great offer! 30% is quite substantial ğŸ‘ğŸ¼,2021-03-19,10:14:49
368,zanthrea,I always order from fp too! Other apps are more ex ğŸ˜‚ğŸ˜‚ğŸ˜‚,2021-03-18,23:58:30
369,thefoodadv,Wah so convenient!,2021-03-18,23:47:54
370,fatspoting,Wah nice shots! DroolingğŸ¤¤,2021-03-19,12:11:24
371,florencesjah,Yummy ğŸ˜ğŸ˜,2021-03-18,14:49:06
372,lindesiree,Sounds good le...I donâ€™t like to queue too...especially now with all the social distancing...,2021-03-19,03:58:25
373,sgmamarazzi,Me!!! Hee.. hate queues,2021-03-19,01:39:52
374,goofytwocooks,Great deal! ğŸ”¥,2021-03-18,17:00:22
375,bryanongyy,I love dinning there with colleagues now that they have takeaway on Foodpanda!,2021-03-18,22:31:09
376,apple_miss_whatever,So convenient ğŸ˜,2021-03-20,06:41:30
377,whatoeatagain,So many selected restaurants to choose from! ğŸ‘ğŸ¼,2021-03-18,15:04:06
378,thefatfam_,Lovely shots ğŸ˜,2021-03-19,01:03:37
379,qinlovesmacaronsss,good service ğŸ‘,2021-03-18,16:09:03
380,shewyn_fantasia,So convenient,2021-03-18,17:05:23
381,fj.mama,Love their porridge,2021-03-18,14:52:17
382,shiyin_t,Omg love your shots as always! Love the layout too! Wa I also want to eat..time to order @foodpandasg soon ğŸ˜ğŸ˜,2021-03-18,15:16:48
383,bbjiaksimi,So many food options â¤ï¸,2021-03-18,15:06:46
384,sggabilicious,Omg im so drawn by it as you took that to look so delightful!ğŸ˜,2021-03-19,04:34:47
385,thecuriouspuntato,Looks so good ğŸ˜ fried rice!!!,2021-03-18,15:18:30
386,thehungertrack,Wow a great deal from them again! ğŸ¤©,2021-03-18,15:03:22
387,baking_taitai,Convenient & good deal! ğŸ‘,2021-03-19,09:39:22
388,msjaniceeats,Their fried rice is yummy. ğŸ‘,2021-03-19,04:04:31
389,janiqueel,How convenient ğŸ’,2021-03-18,22:35:46
390,dinneratcartier,I always order ahead now too!,2021-03-18,21:47:19
391,fluffyunicorneats,Thatâ€™s so convenient,2021-03-18,16:05:00
392,foodiejerm,Love that scoop,2021-03-18,14:58:29
393,sugarylink,I dread Lor so tired man tis is so convenient,2021-03-18,20:18:18
394,cennds,Sometimes Self pick up is faster,2021-03-18,15:23:54
395,ariane.le,Did self pick up with foodpanda recently too and it's such a breeze man! ğŸ’¯,2021-03-21,07:21:46
396,qingxiangsqx,"Wa great promo bro, and your shots are wow!",2021-03-19,01:48:17
397,mylifeas_revehsha,Omg Iâ€™m so hungry ğŸ˜,2021-03-18,16:09:29
398,cassakating,Ya lor I donâ€™t like to queue sometimes,2021-03-20,16:48:03
399,international_money_coll_01020,"ASSALAMUALAIKUM,MY BROTHER AND SISTERS DONT THROW AWAY YOUR OLD MONEY(coin&note)BRING ALL TO ME AND MAKE HUGE MONEY FROM YOUR OLD ITEMS",2021-03-18,15:46:30
400,myjream,I REFUSE TO QUEUE LOL,2021-03-21,07:39:45
401,bangaloreiyengarbakerysg,Guess what???ğŸ‚#sgcakes #sgbakes #sgfood #sgfoodies #sgvegetarian #sgfoodies #sgcafe #foodpandasg #deliveroosg #grabfoodsg #sgcakesofinstagram #sgcakery #sgcakedelivery,2021-03-18,14:06:05
402,hi.riyah_weightlost_journey,"IZZIT BAJU DA BESAR?ğŸ¤­ nope that's not her twin/sister. The same person after a period of time eating clean and exercising.Yg gambar kanan tu selepas ikuti programme yg guide kiter makan 5-6 kali sehari.Nk tahu lebih lanjut, sila picit link di bio saya lajuÂ² tau... Sebelum slots fill upğŸ˜‰#nakkurus #jomkurus #bestkurus #beforeandafter #diettips #tipskurus #resipisihat #eatclean #eatcleandiet #eatcleanrecipes #makansedap #singapore #singaporefood #workinglife #hotdeals #singaporesale #activesg #teamnickhinhussein #teamahmadmizah #teamdillanur #teamnisahsohor #tv3 #mediacorp #viralpost #halalsg #halalfood #popular #foodpandasg #shopeesg #cute",2021-03-18,11:20:02
403,"ryanxgo
Verified","Swipe to see how I run away from @bombiibii whiningğŸƒğŸ»â€â™‚ï¸Finally got a break to enjoy my PS5 & snacks from @foodpandasg ğŸ¤¤If you wanna enjoy like me, hereâ€™s some good news for you!foodpanda is giving away 5 x #PlayStation5ğŸ˜± Stand 1 chance for every 3 orders on pandamart; or every 2 orders on foodpanda shops = 1 chance when you spend a minimum spend of $20 per order!Hack: Check out my IGS to find #foodpandasg discount codes for up to $15 off, applicable for all foodpanda shops and pandamart till the end of March 2021!â˜˜ï¸Contest ends 31 March 2021â˜˜ï¸#nocpartners",2021-03-18,10:19:03
404,bochaoooo,Im suaku can someone tell me whats IGS,2021-03-20,07:40:13
405,"ryanxgo
Verified",@bochaoooo instagram story,2021-03-20,08:50:53
406,cherylenechan,LMAO THE VIDEO ğŸ˜‚ğŸ˜‚ğŸ˜‚,2021-03-18,10:47:13
407,tasselline,â¤ï¸,2021-03-18,10:27:11
408,tasselline,â¤ï¸â¤ï¸,2021-03-18,10:27:12
409,samin.yasharxl,ğŸ˜ğŸ˜ğŸ˜,2021-03-18,10:20:09
410,namjaunni,Why so cute one,2021-03-18,11:28:13
411,ventisshrine,firstt,2021-03-18,10:19:18
412,jeraldfoo,Lies... I see you coming back at the end... ğŸ”¥,2021-03-18,17:21:37
413,juliusperezvelasco,Hahaha PS5 is not real.,2021-03-19,02:09:50
414,old_money_exchange_world_,"ğŸ’¸WE DEAL IN BUYING AND SELLING OF OLD MONEYğŸ”´DUIT LAMAğŸ‡²ğŸ‡¾ğŸ‡¸ğŸ‡¬ğŸ‡§ğŸ‡³ğŸ”´DUIT SYILLING ğŸ‡²ğŸ‡¾ğŸ‡¸ğŸ‡¬ğŸ‡§ğŸ‡³ğŸ”´TEMBAGAğŸ‡²ğŸ‡¾ğŸ‡¸ğŸ‡¬ğŸ‡§ğŸ‡³ğŸ”´1SEN-25SENğŸ‡²ğŸ‡¾ğŸ‡§ğŸ‡³ğŸ”´RM1-RM50ğŸ‡²ğŸ‡¾E.T.CğŸ’¸RM10,000 EACHğŸŒğŸ“–",2021-03-18,12:10:28
415,daniel_cvc,@foodpandamy got ma?,2021-03-18,12:51:08
416,botak.motor.tiam,#kiteridertiadabezaThank you all for support â¤ï¸#sgbikes #sginstabikes #sgmotors #singaporebikes #sgriders #sglocal #sgbikers #sgbikerslife #sgbikelife #singapore #singaporebikers #sglocalbusiness #aeroxsg #y15zrsg #sniper150 #xmaxsg #nmaxsg #xmaxnation #pcxsingapore #sgpromo #sgpromotion #grabfoodsg #deliveroosg #foodpandasg #hondawavesg #deliveryherosg #deliverysg #deliveryrider,2021-03-18,09:22:58
417,abdullahyishuni,â¤ï¸ğŸ”¥,2021-03-18,09:25:37
418,hi.riyah_weightlost_journey,"ğŸ¤£kesian tu weighing scale....Dier cuma bilang yg benar... kiter je yg tknk percaya a.k.a in denial.Biler last kiter scale diri? Dulu saya selalu avoid... seram tgk weight sendiriğŸ¤­Sejak mula clean eating, mingguÂ² saya check. Ader saje KG yg menghilang.Nak tahu mcm mana?Jom click on link in bio#nakkurus #jomkurus #bestkurus #beforeandafter #diettips #tipskurus #resipisihat #eatclean #eatcleandiet #eatcleanrecipes #makansedap #singapore #singaporefood #workinglife #hotdeals #singaporesale #activesg #teamnickhinhussein #teamahmadmizah #teamdillanur #teamnisahsohor #tv3 #mediacorp #viralpost #halalsg #halalfood #popular #foodpandasg #shopeesg #cute",2021-03-18,09:00:02
419,"hotstarsingapore
Verified",#FoodpandaContestAlertGet a chance to win 1-year Hotstar subscription! Head to @foodpandasg to find out more.#Hotstar #Singapore #FoodpandaSG,2021-03-18,07:30:26
