Comment,Datetime
"A true simple story of helping others!
Never knew calling for help is a busybody, the ‚Äúman‚Äù probably is just lazy and unsympathetic,  using an uncomprehending excuse not to help. 

Not all busybodies is a Karen!

P.S. I also encountered an unconscious man during lunchtime with my grandmother 3yrs ago, I try waking him up but no response, I‚Äôm thinking he fainted so I called ambulance. Didn‚Äôt wait for them tho (grandmother getting hungry and complaining he‚Äôs just a drunk) but gave the location and my contact number. My grandmother is right, the police called back confirming he‚Äôs drunk. Lol!",2021-02-28 14:29:42
"A few years ago, an elderly man half-fainted while waiting for the MRT. He kind of sat down in the floor. It was like 7pm in the CBD area. Just then, the train came and everyone rushed onto it. I was standing there still deliberating  what to do when a Bangladeshi worker rushed up and started helping the man into a sitting position.

I decided to stay with them and helped translate cos the old man could only speak Mandarin and he wanted to call his son on the phone . I called station on the intercom thing (no staff on the platform). Station manager eventually came w a wheelchair and again, I was glad to help translate with my limited Mandarin.

I was so happy to be able to help the old Chinese uncle tell the Bangladeshi worker that he was very grateful for his help. I was able to reassure the concerned worker that the old man‚Äôs son was coming to pick him up.

While we were there waiting for the MRT staff, the worker held onto the uncle tightly, in case he might faint again. He kept speaking to him in a reassuring way too... 

TL;DR Bangladeshi worker didn‚Äôt hesitate to help a person as all the SG folk decided it was more important to catch the train üòïüòûüòí",2021-02-28 16:55:52
"Have worked as emergency doctor in A&E. 

Can confirm 98% of people who look drunk are drunk. 

But if you wrote off the remaining 2% as drunk and didn‚Äôt get medical attention for them, they‚Äôld die a needless death. Diabetic comas (sugar too high / low), bleeding in the brain, head injury, extreme dehydration / infection, brain swelling from various conditions / tumours.

Human compassion got us to where we are today. Abandoning it in favour of sophistication would be truly ironic.",2021-02-28 17:10:52
Thank goodness there‚Äôre still kind souls out there..hope the GrabFood delivery driver is better now.,2021-02-28 14:11:15
"I'm not sure what's the reason behind this, but a big chunk of Singaporeans I deal with in my day-by-day life has an extreme lack of empathy, interest, ambition, and curiosity. I see every age and social status doing the minimum to achieve the shallowest accomplishments. 

The only country I've seen having a similar indifference is Japan.",2021-02-28 18:29:09
[removed],2021-02-28 14:20:54
"If it was your own loved one laying unconscious on the floor, the man would be saying otherwise.",2021-02-28 14:37:09
Many years back when I was on a crowded lrt train and this guy fell on to the floor due to seizure and the train was suddenly emptied faster than thanos snapped his finger.,2021-02-28 16:28:36
I believe calling the ambulance or the police is something that one can least do. U do not need to attend to the person physically if u dk how to help them.,2021-02-28 14:52:24
[deleted],2021-02-28 14:19:18
"Not surprised at the actions of some of the bystanders. I passed out before while outside and broke my glasses so my face was bleeding, and I was just sitting there half-conscious with blood on my face and multiple groups of people literally looked at me and walked past.",2021-02-28 15:19:50
"I‚Äôm so disappointed in Singaporeans. Why are we so ambivalent and unhelpful generally? 

I recall being at a mall that was directly connected to the MRT station few years ago with my family. We just entered the mall and spotted an uncle struggling to walk - he eventually collapsed against the wall, obviously feeling unwell. My family assumed that he was drunk and told me not to bother, but I kept looking back and eventually asked him if he was ok. He said he was ok, but then fell against the wall. Luckily there was a mall staff nearby and he came over and tended to the uncle, who was not drunk but indeed feeling unwell. All this while, none of the other passers-by cared at all. I was so disappointed.",2021-02-28 20:12:55
Who are those other selfish assholes? I want to hex them all.,2021-02-28 15:09:28
"Singaporeans are really turning to mindless zombies,  only know how to eat, work and sleep.",2021-02-28 15:25:10
"> # Woman in S'pore helps unconscious GrabFood delivery driver despite being called a busybody

> A GrabFood delivery driver was spotted curled up and unconscious on the floor on Feb. 26.

> A member of the public had come across the scene after alighting at the bus stop near her home.

> Called a busybody

> According to the Facebook post by Lily Ng, two other men were present at the scene, but reportedly did not check on the delivery personnel.

> Ng observed that the passers-by tended to ""just walk [past] him"".

> She then tried to wake the unconscious GrabFood delivery driver and when he did not respond, attempted to ascertain that he was alive by pressing on his stomach.

> Ng explained that she avoided his face due to the ongoing Covid-19 pandemic.

> However, when she attempted to approach someone to help in calling the ambulance, no one appeared willing to come forward to provide assistance.

> Ng wrote:

> ""I approached someone help to call ambulance but unfortunately and very sad no one willing to help. And one of the man (sic) told me don't be busybody because now is Covid-19 pandemic.""

> Ng proceeded to call for an ambulance on her own.

> She also sat down to wait for the ambulance to arrive, to ensure the delivery driver's safety before leaving the scene.

> In a follow-up comment, Ng said that the delivery personnel's blood pressure was reported to be very low when paramedics checked on him, but she did not follow-up after he was sent to the hospital.

> ""Help each other""

> Ng explained in her post that while she understood the panic during the pandemic period, one could always call an ambulance from a distance.

> She appealed for more compassion to be shown in such scenarios:

> Every second count[s] and you never know just one call can save a person's life. All this GrabFood delivery man, they are risking their lives too to deliver food to our table and bring back money to support their family. I hope through this message everyone in Singapore will do your part [to] be united and be more compassionate to help each other.

> Top image via Lily Ng's Facebook

---
1.0.2 | [Source code](https://github.com/fterh/sneakpeek) | [Contribute](https://github.com/fterh/sneakpeek)",2021-02-28 14:09:51
Diffused responsibility is real. At the same time I wonder if many of us are ‚Äúpaiseh‚Äù to help others?,2021-02-28 18:43:48
"This happened about 15 years ago when I was in sec sch -  the bus I was on braked abruptly and a lady sitting on the middle seat in the last row was hurled forward. She could not get up and NONE OF THE ADULTS NOR THE BUS DRIVER came forward to check on her. Another student and myself were the ones who called the ambulance and her family. Because she couldn't move, the bus couldn't leave and everyone else got off the bus to wait for the next one. 

I couldn't understand the indifference then and it left such an impression. I'd like to think that the younger generation would be different but it's disappointing to see that 15 years later.. there are still many of these people around, even among my peers.",2021-03-01 10:59:49
There is still some kindness left among us....some.,2021-03-01 00:26:38
"So, most of Singaporeans who sees as it happens there probably went to Church on Sunday, and hearing sermon about how people should help each other, and yet nobody but this woman help the poor guy reactively, and she is the busy body? That is super odd standards/values, I must say.",2021-02-28 22:15:31
"For those who call the good samaritan ""busy body"" , If the person lying on the floor is you dying, you would probably not think so.",2021-03-01 00:58:06
"Still don‚Äôt understand why we don‚Äôt have a Good Samaritan law here:

https://www.todayonline.com/singapore/no-need-good-samaritan-law-here-indranee-rajah

https://www.mlaw.gov.sg/news/parliamentary-speeches/written-answer-by-minister-for-law-k-shanmugam-to-parliamentary-question-on-the-introduction-of-a

https://www.reddit.com/r/singapore/comments/84bwzn/why_doesnt_singapore_have_a_good_samaritan_law/",2021-03-01 08:59:45
"reminds me of that one incident where the floor it‚Äôs still wet since it only stop raining like 1-2 hours ago. I slipped and fell down and broke my foot real badly. There was a family that saw the whole accident and BARELY did anything but stare. The whole time i was on the floor trying to find the strength to push myself to stand up (albeit with only one working leg lol) and yet they don‚Äôt even bother calling for help or at least a ‚Äúare you okay‚Äù question. 

after that i finally understand why there‚Äôs a ‚Äúkindness movement‚Äù because singaporeans are truly selfish scums lol

edit: forget to mention, kudos to anyone who go out of their way and help such people in need! I wish there are more like you people. Your selfless act will definitely be remembered and hopefully, reciprocate by others!",2021-03-01 11:52:24
"i rmb last year there was a case at clementi mall where a lady fainted. nobody went forward to check on her, even security guard also tell ppl to stand away. somebody did call 995 + some fella took her temperature. but thats it. makes me angry when i read about it. every second counts.",2021-02-28 18:52:59
How much one has to pay for 995 and 1777?,2021-02-28 22:31:48
"Thanks to the lady who helped, God Bless You...isn't it the humane thing to do. Just don't understand Singaporeans. Turn a blind eye...we as a society have to really begin looking out for others.  Stories like this in the media can help with people becoming more aware of one's responsibility to fellow human beings. What brings to my mind is the recent court case of the young Myanmar maid who was abused by her employers. No one helped to raise it to the authorities...what a tragedy that was.",2021-02-28 17:55:16
The darkest place in hell is reserved for those who remain neutral in times of moral crisis.,2021-03-01 02:07:46
Lol what is this headline,2021-02-28 14:46:35
[deleted],2021-02-28 15:48:24
"Even when drunk, there's a risk he might vomit into his own mouth, choke on it and suffocate himself.  


In these situations, just roll the dude onto his side so the risk of that happening is decreased.",2021-02-28 15:44:06
"People with diabetes can appear drunk if their sugar levels are whacked, it's better never to assume anything and try to help if your own safety is not at risk. You might save someones life. 

And even if drunk, it's still a human being. Roll to the side and call for professional help.",2021-02-28 16:00:12
"Same thing happened to my family. We were walking back from the car park and saw this guy unconscious on the loading/unloading area. Tried to wake him up but to no avail. So my dad called the ambulance. Didn't really hear back but its an interesting experience, no less.",2021-02-28 20:37:35
"I hope one day when that bastard who called her busy body needs help, he is left on the ground dying and ignored.",2021-02-28 14:33:10
"I was crossing the road with an elderly man in front of me. He was walking very slowly and with a walking stick. When he reached the other side, he was swaying and then tripped on his walking stick, fell over and didn't move. I quickly went to him to try to wake him up, but his wife (?) who I hadn't notice before, was already on the other side of the next crosswalk (those with zebra crossing and no traffic lights), she yelled at me and asked me to leave him alone. I suspect she thought I was robbing him or something (although I was an 18 year old skinny girl). she ran over, tried her best to help him up as she was also pretty frail. I tried to help her but she shooed me away...

Another time was when my sister skipped a few meals and fainted on the mrt. She was seated in the priority seat and when she fainted her bag fell on the floor and her body slumped to the next seat. She woke up in that position and no one seemed to care/notice.",2021-03-01 13:38:16
Can‚Äôt even call ourselves third-world citizens cause they are better than us üò´,2021-02-28 18:42:34
"Had a similar experiences with bangladeshi worker.Was in a bus 975(those who lives in CCK will know many workers take the bus back from Opp Lot One).While my trip was just 5 stop away,the bus driver suddenly make a sudden brake,causing me to almost fall forward as i am quite short & didn't have anything to grab on.The kind Bangladeshi worker who was behind me,grab me from behind & ask me if i am ok meanwhile some Singaporean were kind of staring at him 'why do you even help him'.

Another incident,this time of the grasspatch.Of course,this was a stupidity of me,but it happen in the evening,so i didn't see there were soil & mud in the grasspatch,but those bangladeshi worker didn't even scold me but instead brought some water to clean my feet(as i was wearing slippers).Nope i didn't jaywalk,but the grasspatch was along the side of the pavement.",2021-03-01 09:01:07
"I usually get giddyness whenever i take the mrt(especially if it long ride).Do you think i suffer from anything except HBP,High Cholestrol & Diabetes?",2021-03-01 09:03:21
">extreme lack of empathy, interest, ambition, and curiosity.

I agree with everything there, but ambition. Once wealth and status is in play, you'll never find a more ambitious group of people.",2021-02-28 18:46:18
We live in a society..,2021-02-28 15:24:51
Simple. These men are doing jobs with no dignity and are accorded such,2021-02-28 16:05:22
[deleted],2021-02-28 18:35:58
"and so what if he had covid 19? If he was unconscious and needed help, would it be right to simply leave him lying there? Even if he had the plague, the answer is NO! You help in whatever way you can!

These people are disgusting!",2021-02-28 17:16:57
"Most common is dehydration, especially the heatwave recently. 

Keep reminding your daughter to drink water! Spam her WhatsApp with r/hydrohomies meme! Lol",2021-02-28 14:40:47
"Same here lmao. When I was 15, I vomited on the bus. I still distinctively remember that the bus was packed that day. Instead of helping me out, people actively avoided me like the plague. Then, out of nowhere, this lady from Malaysia came up to ask if I was okay. She helped me off the bus and even got me a hot drink.

There are some things that really cannot be taught in schools and it shows",2021-03-01 00:11:25
"I believe it's free for emergency case. 
However one would have to pay if conveyed. A&E rates is $120 if I'm not mistaken",2021-03-01 01:03:56
"That's one of the steps that they teach for first aid certifications for standard first aid procedure.

Basically tend to the dude while others look for help/medkit/equipment.",2021-02-28 15:57:47
"Vomit isn't the only problem, when unconscious the tongue might fall down the throat blocking it as well. If you find someone unconscious, put them in [the recovery position](https://www.youtube.com/watch?v=rvDEK6-8fCQ). First aid should really be taught in school, though I guess it is part of your NS? The recovery position, Heimlich maneuver, CPR, dressing a wound properly and stopping rapid blood flow should all be common knowledge.",2021-02-28 18:22:41
"Thanks good to know, he was already lying on his right side when we saw him. Could be someone already turn him but unsure why nobody else was there. 

Some details: he was lying on a sheltered pathway between 2 HDB at 2-3pm. As my granny suspected by looking how he was dressed, possibly a migrant worker who went on bender in the early morning hrs.

Called 995, but police called me back to check how I found him. They were suspecting a drunken fight, but I‚Äôm no drunken fighter.",2021-02-28 17:46:11
"Yeah man, many factors for someone lying motionless in the middle of the day but was surprised given the place and time, nobody noticed. Actually more shocking to know I was the only one who called when the police called back asking more questions which most I can‚Äôt answer, should‚Äôve stayed to wait for them to arrive. 

Thanks, knowing what I know now, will probably do better.",2021-02-28 18:00:05
"I hope when that day comes people help him anyway, so the cycle of hatred and suffering can be broken",2021-03-01 06:44:48
"it‚Äôs more than that... SGers seem disconnected from reality, just staring at their phones. The Bangladeshi man was just doing what‚Äôs normal. There‚Äôs the bystander effect but here it‚Äôs more like ‚Äúi don‚Äôt wanna step forward let someone else do it‚Äù.",2021-03-01 01:42:53
"well there are 2 extremes. The ambitious ones are competitive and want to get promoted, get scholarships, etc.
The non-ambitious ones just look at their hp all day, don't want to work and rely on family members' for money.",2021-02-28 19:04:05
"I agree with you, but I call it greed more than ambition. It's all about money and showing off and ordering tons of food to make ""stories"" about it. I really don't get it, but I guess this is what's causing the emotional self-isolation.",2021-02-28 23:49:02
Where honour is a distant memory,2021-02-28 15:35:21
"I think it's not only that but also because of the bystander effect. Especially in a place with so many people, everyone just assumes someone will eventually help. On top of that, almost everyone is on their phones so they don't even notice anything wrong.",2021-03-01 13:43:35
"As a non-Singaporean, thanks",2021-02-28 22:40:58
What's the difference between greed and ambition? Both are just different names for self-interest.,2021-03-01 07:38:50
Isn‚Äôt that right.,2021-02-28 16:05:05
**Honor is not dead so long as he lives in the hearts of men!**,2021-02-28 17:02:06
"From the dictionary:  


***greed***: intense and selfish desire for something, especially wealth, power, or food.  


***ambition***: *a strong desire to do or achieve something. Eg.:""her ambition was to become a pilot""*",2021-03-01 16:38:23
Batman bin Suparman,2021-02-28 17:11:11
I know this plot,2021-03-05 22:23:56
$10 for an hour... lmao.,2021-03-05 23:39:23
who even submitted this story to mothership,2021-03-05 23:36:20
"*Stuck in chair*

*What are you doing step-Grabber?*",2021-03-05 23:47:20
If it's OL in distress. I would help too!! U never know what the rewards would be!! ;),2021-03-05 22:16:45
"Knn. Mala really invading everything in SG sia.  

First it was Mala stalls, then came Mala-fusion food, Mala-flavoured snacks...now OLs also got Mala?  

Mala is really taking over everything!",2021-03-05 22:24:16
"> # GrabFood rider spends 1 hour helping office ladies dismantle & assemble chair

> A group of office workers in Singapore got into a bit of a pickle at work when they tried but were unable to assemble one of their new office chairs.

> Wrongly-assembled chair

> One of them, Mala Devi, told Mothership that they were befuddled by the assembly of the furniture and how it eventually turned out.

> Mala added that the supplier had assured her and her colleagues that setting the chair up would be an easy job and to simply follow the instructions.

> It wasn't the case, however.

> Here's a picture of the chair after they had assembled it.

> Doesn't look too good for one's posture.

> Rider to the rescue

> Thankfully, a GrabFood delivery rider who arrived at their office to deliver food came to the rescue.

> Mala shared that the rider, Ku Soon Ming, noticed the atypical chair.

> Ku took a closer look at the chair, and Mala's colleague then asked him if he would be able to fix it.

> He replied that he would try.

> And proceeded to spend the next one hour figuring out what went wrong and completely dismantling and reassembling the chair.

> It turns out that Mala and her colleagues had used the wrong screw when connecting the various parts, a piece of information which Mala noted the instructions failed to include.

> Mala then expressed her gratitude to Ku who decided to extend a helping hand to them.

> She wrote that for delivery riders, time lost was income lost.

> She and her colleagues also tipped the rider S$10 as a token of appreciation for his kindness and patience.

> Although Ku initially refused, he eventually accepted the cash after much persuasion.

> Mala said: ""Kudos to Mr Ku Soon Ming for being a kind Samaritan of the day!""

> Top photo from Mala

---
1.0.2 | [Source code](https://github.com/fterh/sneakpeek) | [Contribute](https://github.com/fterh/sneakpeek)",2021-03-05 22:05:54
Office ladieS mah. I don't think he would want to fix my chair.,2021-03-05 23:15:17
‚ÄúWe have a Xiao chair inside. You can help screw properly?‚Äù,2021-03-05 23:42:09
"Step rider, I need help",2021-03-06 01:31:41
"Kudos to e rider, I dunno what interior, exterior, ulterior motive he might or might not have, in e purest perspective he performed a kind act.",2021-03-06 01:37:06
Maybe he had a similar chair at home,2021-03-05 22:24:42
"Ever heard the story where a group of females could not assemble a chair, but one man could? Extreme feminists please take note.",2021-03-06 10:32:33
And they still didn‚Äôt tip him.,2021-03-06 18:52:26
Lol the gutter mind hive mind here,2021-03-06 10:45:10
My chair is stuck grabrider,2021-03-06 00:17:55
So i heard your chair needs some fixing ? *wink*,2021-03-05 23:10:32
"$10 is like 1-2 deliveries (depending on location). On average you do 3 deliveries/hr.

Bless his heart ü•∫",2021-03-06 08:36:32
Kachang Puteh,2021-03-05 23:53:28
( Õ°¬∞ Õú ñ Õ°¬∞),2021-03-05 22:53:49
Some OLs are actually hot haha üòÜ,2021-03-05 23:54:13
NCMP Leong. Is this your account?,2021-03-05 22:57:48
Not all heroes wear capes,2021-03-06 00:04:08
"Maybe he's an ""equal opportunity"" kind of guy leh? ( Õ°¬∞ Õú ñ Õ°¬∞)",2021-03-06 10:07:40
"after he's done with the chairs, we all know he isn't doing the riding",2021-03-06 10:18:45
Step-rider*,2021-03-06 10:37:33
Ok bend uh I mean move over I got this.,2021-03-05 23:22:16
"Ya, I know. He rugi for sure. Feel sian for him...",2021-03-06 21:44:18
Inb4 50 year old secretary,2021-03-06 10:02:10
"It's your CDC Mayornnaise! Mayo McSpicy!  

I can't be NCMP Leong, my contract is only part-time, I practically don't work.",2021-03-05 23:38:42
Why did her glasses shatter? Prescription lenses are designed to be shatterproof because of this exact reason,2021-01-19 14:35:24
"> # 8-year-old girl's glasses shatter into eye & face after GrabFood cyclist hits her at Bukit Batok

> An 18 year-old GrabFood rider was arrested on Jan. 16 by the police after he collided into an eight-year-old girl along a Bukit Batok footpath.

> The collision shattered the girl's glasses, leaving her with a bloodied face.

> She also suffered an eye injury and had to undergo eye surgery, reported The Straits Times.

> The girl's mother, Sathiya, told ST that she walking home with her daughter on January 15 along Bukit Batok Street 52. They were with another mother-daughter pair.

> Along the way, they spotted a GrabFood rider cycling towards them. Sathiya told ST that she nudged her daughter and the other girl behind her even though the cyclist was not going fast.

> After the rider passed them, Sathiya heard a loud scream. She turned around and saw her daughter lying on the ground with glass shards and blood on her face.

> The cyclist was apologetic and even cried, the mother said.

> The girl was sent to the National University Hospital (NUH) where she underwent surgery on that day itself. ST reported that the girl is expected to undergo another round of surgery next week.

> The GrabFood rider has been suspended. If convicted of causing grievous hurt by performing a negligent act, he could be jailed for up to two years and fined up to S$5,000.

> Top image via Google Maps.

---
1.0.2 | [Source code](https://github.com/fterh/sneakpeek) | [Contribute](https://github.com/fterh/sneakpeek)",2021-01-19 12:21:00
This is just sad. The driver didn't do it intentionally.,2021-01-19 12:48:26
">Along the way, they spotted a GrabFood rider cycling towards them. Sathiya told ST that she nudged her daughter and the other girl behind her even though the cyclist was not going fast.

>After the rider passed them, Sathiya heard a loud scream. She turned around and saw her daughter lying on the ground with glass shards and blood on her face.

Man this is such a bad situation all around, the kid moved so fast the mum didn't notice either",2021-01-19 15:55:50
"Man, totally recalled how it felt to have my glasses shattered onto my face. I was in shocked right after that and my vision on the affected area was white and blur. Because the blood was going into my eye, it make me felt that i was permanently blinded. Thank god my eye was unaffected but i have cuts along my eyelid, which the scars still could be seen every time I look myself at the mirror.",2021-01-19 15:17:33
do people really still wear glass glasses?,2021-01-19 13:58:02
"Doesn't seem like anything the rider did was wrong. Not going fast, it's the girl's fault imo. He even got suspended for nothing.",2021-01-19 23:28:45
"The way this piece (along with whatever the mainstream media has produced regarding this incident) is written leaves us with more questions than answers. 

Was he riding a compliant bike to begin with (handlebar width)? Which part of the pavement was he cycling on? The extreme end of the Pavement (Which he should be doing, so as to ensure a sufficient and safe passing distance from any pedestrians)? Or was he near the centre? 

Was he speeding? What is ""not that fast"" speed? & Most crucially of all: Was the rider using a mobile device while cycling, and was he aware of the presence of the pedestrians at all?

All these questions need to be answered, because like I said previously, an incident like this really shouldn't be happening at all. And it's not as simple as resolving the situation with a 3 letter word called: ""Ban"" 

That said, I really do respect the rider for being responsible, promptly stopping and not speeding off.",2021-01-19 13:20:16
"Time to ban bicycles
/s just in case",2021-01-19 13:50:28
"We need to ban all pmd from the footpath, period. It‚Äôs causing unnecessary distress to the young and old. And also ban all these cyclists from the roads as well.",2021-01-20 01:49:29
People risking their lives just to deliver someone lunch is just a stupid concept,2021-01-19 20:57:29
Right? I'm glad I'm not the only one that noticed this,2021-01-19 15:53:15
"> The cyclist was apologetic
>The GrabFood rider has been suspended. If convicted of causing grievous hurt by performing a negligent act, he could be jailed for up to two years and fined up to S$5,000.

... Like that, run away also no big different.",2021-01-19 21:26:39
Yea. Wasn't going fast plus only 18 years old. And seems like she might have ran out from behind the mom. Hope the girl recovers well and hope this dude isn't punished too severely.,2021-01-19 12:51:20
i beg to differ. many cyclists violate traffic light rules and i myself have been ( almost) a victim of injury. they are racing for time and sometmes they dont rlly care the pedestrians ard them,2021-01-19 15:53:03
what's the material of the lens? is it made of mineral glass or plastic?,2021-01-19 21:17:40
My thought exactly. Isn't all lenses plastic now?,2021-01-19 14:09:54
Holy shit you people are pedantic.,2021-01-19 18:47:00
"There are some [advantages](https://www.foreyes.com/blog/which-is-better-glass-or-plastic-lenses/) of wearing glasses made of glass as compared to plastics, but people chose the latter simply because they can't afford to have two separate eye-wear.",2021-01-19 16:05:17
"Maybe glasses was used as a synonym for spectacles, and not to mean glass spectacle lenses.",2021-01-19 14:18:04
"Old joke, next please.",2021-01-20 07:17:34
"Ban on cycling on footpath, ban on road, then cycle on where? Air ah?",2021-01-20 19:47:00
"People gotta eat, both the one ordering and the delivery guy.",2021-01-19 21:37:13
Running away would give the prosecution the excuse to give a more severe punishment,2021-01-19 22:35:28
"It should be asked if the kid was negligent and moved into the path of the bike anyway, even after the mother nudged her to the side.

The rider might not be at fault and could be scared about the consequences, after all they are just 18 and the harm was pretty severe. The apology isn't proof of guilt, since anybody with empathy would feel sorry for the kid who got hit, and also as a show of good faith to the mother that it was not intentional.

If the rider was not guilty of negligence, there should be no punishment at all, period.",2021-01-19 13:50:45
"Yeap. Some might blame the driver. Some might blame the girl. But let's be honest .Some will blame government why never ban these vehicles or wtv. 

It's just a really bad situation. 

Sighs.

In before some say. Why the guy cry? Fucking pussy ah?",2021-01-19 12:55:22
"I'm pretty sure is glass, i have already switch to a plastic one",2021-01-20 17:14:03
High degrees require actual glass lenses as plastic would be too thick and heavy to fit on a frame. Degrees from 800 above will likely be made of glass,2021-01-19 15:41:49
"It's not about the terminology. It's reported that hers ""shattered"" and there were glass shards in her face.",2021-01-19 14:35:33
"Cycle at designated cycling lanes, such as the park.",2021-01-21 11:35:12
our roads  and pathways arent design for such services. Many accidents since food delivery became so popular,2021-01-20 22:43:21
"Either way, he's fk'd as the mother will push for more punishment, and the judge most likely put the maximum. 

I'm sure the punishment for injuring (by accident or not) is more serious then peeking tom. /s",2021-01-20 19:02:58
">
>If the rider was not guilty of negligence, there should be no punishment at all, period. 

I hope that's the case.",2021-01-19 13:52:24
"The rider is legally at fault unfortunately, especially since the girl was arguably moderately injured requiring surgery.

Regulations dictate 10km/h speed on footpaths, and that's a lot slower than people imagine (and slower than the actual speed any sane defensive rider cruises at for that matter), precisely because it theoretically allows alert riders to stop on a dime. And cyclists, being the ones with more momentum (+ a bicycle), have the legal responsibility in any collision with a pedestrian.",2021-01-19 14:31:54
"IMO, if you're on a larger vehicle, greater responsibility rests on you to ensure the safety of other users of the road. The rider is at fault even if the kid ran out suddenly into their path, and he deserves to be punished by the law.",2021-01-19 23:04:18
In the US they have bike/skate paths. Maybe this should be used here too.,2021-01-19 16:00:24
‚Äú70% voted for this‚Äù,2021-01-19 13:04:13
"Too thick yes, too heavy no

Glass lenses are still heavier than plastic lenses, although it is thinner so you don't.have literal lens sticking to your face

Source: have 1.5k degrees and using glass lenses because no choice",2021-01-19 16:51:03
"what about double aspheric 1.74 index?

for mineral glasses, 1.8 is preferred over 1.9 as the latter is too brittle",2021-01-19 21:19:32
"Then what about those that depend on cycling for their daily commute? Our PCN network does not cover everywhere, and we've only got 1 dedicated cycling lane along Tanah Merah at the moment (and that's mostly for leisure unless you're a worker staying in the dormitories). What would you say to those people, then? It's pretty shitty suggestion that acts as a ban on cycling in all but name. Besides, something tells me that people like you would simply call for a ban of bikes in parks eventually. There's simply no way of appeasing you folk.",2021-01-21 11:59:09
"To put the speed into perspective, a speed of 10kph for a 2.4km run is 14.4mins. Which is a fail above a certain age.",2021-01-19 16:49:58
"Excuse me, the rider has been arrested, not convicted.

They can be investigated for their role in the accident but conclusions must not be drawn in lieu of the conviction.",2021-01-19 14:39:37
"Right, and locomotive drivers are responsible for the safety of people on the tracks.

I would rather suspend any judgement for the judge alone to decide, especially since the court has the evidence to weigh the rider's guilt, not us.",2021-01-19 23:32:08
"We do have bike paths in many places. People just ignore them and prefer to cycle on the footpaths instead. Even when the footpaths and bike paths are just across the road from one another.

While we don't have the full facts from this case yet. We need to start considering punishing those who use the footpaths when there are bike paths nearby heading in the same direction not far away, i.e. across the road.

We can't have any more accidents like this",2021-01-19 17:16:36
61%*,2021-01-19 13:09:02
"We have world class transport - trains, buses, cars (private or personal). We aren‚Äôt Europe that have dedicated cycling lanes, so stop trying to be them. Until we have the right infrastructure to accommodate cyclists on roads, it‚Äôs best to stay off.",2021-01-22 10:20:17
"To be fair, that's around my 2.4 timing, and if I buang a little girl at that speed, I won't be surprised if she's injured.",2021-01-20 00:31:54
"That poster is not a court, just an individual expressing their opinion based on the available facts.",2021-01-19 16:05:37
"We have bike paths, but unfortunately they don't reach everywhere. I cycke using PCNs whenever I can and I would rather take a detour if I can use a PCN. But they don't reach every place I need/want to go, and even connecging a PCN to anothet PCN will require using a footpath",2021-01-19 19:10:10
"langgar, not buang.",2021-01-20 00:37:47
Too bad that the available facts does not include a speed camera reading and certainly puts pre-emptive legal burden on the rider.,2021-01-19 16:09:30
The worst part is when there are shared paths(the red path for bicycles and concrete path for humans) pedestrians still chose to walk on the bike path amd worse of all phone zombiesüò©,2021-01-20 13:57:58
"As stated above when its an issue when people ""  footpaths when there are bike paths nearby heading in the same direction not far away, i.e. across the road.""

If there aren't bike paths, then there isn't much that we can do in the short term. But when there are, then people must use them or face consequences. If not, then why did we even spend over $40 million on it??",2021-01-19 19:34:05
"You can agree or disagree with the view the other poster has formed. I am simply pointing out that there is nothing wrong with individuals expressing their views on the legal merits of a case before it goes to trial, unless it is an attempt to influence the outcome.",2021-01-19 16:12:05
It's not a lawsuit.,2021-01-19 16:22:56
"Where did I use the term ‚Äúlawsuit‚Äù? It‚Äôs probably acceptable to use it to describe a criminal case, but I didn‚Äôt even use the word‚Äîyou did.

Anyway, what‚Äôs your point?",2021-01-19 16:31:09
HAHA AYEE THATS ME,2021-02-14 21:44:12
"This guy is dedicated lol, got video and song some more

[https://www.instagram.com/p/CLLjAi5HshG/](https://www.instagram.com/p/CLLjAi5HshG/)",2021-02-14 17:59:39
Lol super la,2021-02-14 18:59:06
Come up with a Superhero outfit for Grabfood rider. They deserve the recognition!,2021-02-15 01:27:14
"Bro, you genius. Bravo.",2021-02-14 22:55:50
"Full list of 24 hour outlets

**EAST** 

Operating Hours: Sun - Thurs: 0600 - 0200, Fri & Sat: 24hrs

1. Bedok Reservoir
2. Bedok North
3. Elias CC
4. Pasir Ris Complex
5. Tampines Mart
6. Tampines West CC
7. Kallang
8. Geylang East Central

**NORTH** 

Operating Hours: Sun - Thurs: 0600 - 0200, Fri & Sat: 24hrs

1. Ang Mo Kio
2. Ang Mo Kio Ave 10
3. Ang Mo Kio Ave 4
4. Serangoon Ave 3
5. Seng Kang Rivervale
6. Rivervale Mall
7. Sengkang Sport Complex
8. Woodgrove
9. NorthPoint
10. Ang Mo Kio Park
11. Toa Payoh Centre
12. Toa Payoh Lorong 1
13. Hougang
14. Waterway Point
15. Punggol Safra
16. Yishun
17. Causeway Point
18. Woodland Mart
19. Sunplaza
20. Khatib
21. Hougang Ave 8
22. Yishun Safra
23. Yishun Ring Road 

**SOUTH** 

Operating Hours: Mon - Fri: 0700 - 0200, Sat/Sun/PH Eve: 24hrs

1. Queensway Shopping Centre
2. Great World City
3. Queensway
4. Bendemeer
5. Regal
6. Scapepark (Mon - Fri: 0800 - 2300, Sat/Sun/PH Eve: 24hrs) 

**WEST** 

Operating Hours: Sun - Thurs: 0600 - 0200, Fri & Sat: 24hrs

1. Bukit Batok
2. Bukit Batok Gombak
3. West Coast Park
4. Jurong East 24
5. Choa Chu Kang 62
6. Keat Hong
7. Beauty World
8. Clementi Mall
9. Keat Hong
10. Beauty World
11. Farrer Road
12. Lequest
13. Jurong Bowl
14. Jurong Green CC
15. Pioneer Mall",2020-12-03 16:22:51
Love this!!!!! Honestly thought they'd only do it when Phase 3 hits,2020-12-03 14:14:28
Able to share the full list of outlets?,2020-12-03 15:44:12
"U oll ever eat mekdonel? 

Mekdonel..",2020-12-03 20:19:57
Who wants a *Double McSpicy EVM with Upsized Ice Milo* at 3 in the morning?,2020-12-03 18:58:39
What about FoodPanda?,2020-12-03 16:12:38
Praise Jebus!,2020-12-04 00:23:01
Is this a first giant step towards phase 3?,2020-12-03 21:58:58
Fuck yes!,2020-12-03 19:06:26
Hurray for higher obesity and diabetes!,2020-12-03 15:07:12
This is testing my willpower,2020-12-03 15:49:58
No Bukit Panjang? Fuck.,2020-12-03 20:32:53
No surprise if they were pre-empted on phase 3. Macdonald is one of our largest fastfood accounts,2020-12-03 14:47:40
Probably got enough manpower to do..so,2020-12-03 15:22:29
Who buys McDonald‚Äôs after midnight when there‚Äôs nowhere to get drunk? The only time I‚Äôll eat the stuff is if I‚Äôm pissed.,2020-12-03 17:01:56
Second this.,2020-12-03 16:03:06
https://www.reddit.com/r/singapore/comments/k5rqfn/received_a_notification_from_grabfood_that_some/gegw92h/,2020-12-03 16:29:38
I don‚Äôt think I‚Äôve ever seen foodpanda deliver McDonald‚Äôs. Might be a partnership thing,2020-12-03 23:10:25
"It is, actually. 

McDonald's has a high status among the proles, one of the best places for unskilled workers to work at. Han Bao Bao is also Saudi owned.

They did not close those outlets and stop cross-deployment of workers early just because they were kiasu. IIRC MOH reached out to them. 

What McDonald's does, everyone looking at F&B trends watches.",2020-12-03 23:47:07
[removed],2020-12-03 23:06:26
I think manpower was never as much of an issue as safety. Demand for deliveries after 2am is probably too low to risk exposing their riders. Or thats what I thought before this announcement was made,2020-12-03 15:29:22
Truth. Not sure why you are downvoted. I‚Äôll have Maccas anytime but not after 10pm sober.,2020-12-04 09:40:17
https://www.reddit.com/r/singapore/comments/k5rqfn/received_a_notification_from_grabfood_that_some/gegw92h/,2020-12-03 16:29:42
Yup it's an exclusive.,2020-12-03 23:44:31
Wah seh. Even out of camp I need RM for McD.,2020-12-03 23:15:16
Eh you are confusing 2 things. Grab riders they are grab people. I am talking about mcd employees. Quite a number are the daily people who come from JB,2020-12-03 16:01:05
Goes to show I wouldn't be a very good fast food chain boss. Evidently there's a market for people who can eat dogshit fried food whilst sober. Who knew?,2020-12-04 12:00:07
Nah recently FP started taking McD orders too.,2020-12-04 11:19:59
Oh okay sorry. Didn't realise. I assumed McD was resuming 24h delivery,2020-12-03 16:08:54
Mcd stop operating 24hrs after they shut down when some staff kana COVID-19,2020-12-03 16:13:02
"For posts flaired as such (by OP), we will be exercising greater moderation in the comments section against joke replies and irrelevant or off-topic comments and discussion. Please report such posts and comments. OPs must also engage in a bona fide discussion, i.e. the post should not be one just to incite outrage. 

Note that the 'report' button is not an 'I disagree' button or a super-downvote, it will simply flag it for the mods' attention, and the comment will be evaluated for removal then.


*I am a bot, and this action was performed automatically. Please [contact the moderators of this subreddit](/message/compose/?to=/r/singapore) if you have any questions or concerns.*",2021-02-01 15:19:56
Am grabfood rider. No we don't.,2021-02-01 15:22:44
"The riders get deductions when customers complain about not getting their orders delivered. And rightfully so.

Otherwise, food/drinks spillage..... no deductions. Usually goodwill on Grab's part.",2021-02-01 16:15:53
"It depends on the type of complaint.

Complaints about not receiving order at all, like the delivery rider MIA halfway with your food, then yeah the rider will get penalised. Worst is when customers claim that their order wasn't delivered just to get a free meal, then sabo the poor rider. Nowadays riders need take pictures of delivered orders to cover their backside.

Most other complaints will not affect the rider. At most the rider gets warnings due to repeated LEGIT unsatisfactory feedback, and ban after many reports.",2021-02-01 20:32:15
Nope,2021-02-01 17:24:35
That‚Äôs me when my food comes late.,2020-11-27 12:34:29
I feel for the grab driver that has to report food being taken by a wild boar,2020-11-27 14:13:17
Sorry I will feed your mama on time next time,2020-11-27 12:40:24
"Delivery guy -> first Grab told me to deliver to Seletar island. Got no boat is my fault...

Now Ubin got boat, got wild boar is my fault...

Xianz...",2020-11-27 15:54:00
"Does Grab even allow delivery on Pulau Ubin?

Or did a group of people plan to have a picnic on the island, one of them happened to be a Grabfood delivery rider, and kept the food in the bag while visiting Chek Jawa?

And yeah... thanks to feeding of wild boar, and that uncle who's been called the ""boar whisperer"", visitors to Chek Jawa now have to deal with habituated wild boar, as well as the macaques.",2020-11-27 14:29:38
DXO Aunties when there is free-flow buffet during Cohesion. Circa 'since GeBiz digital era',2020-11-27 13:11:15
"Poor thing. Not the babi, the grab bag with food.",2020-11-27 12:57:12
Don't f with these boars. In SISPEC I had 3 days' worth of rations stolen by one of these fkers and had to survive the rest of the outfield on food my section mates donated. =(,2020-11-27 16:17:16
The video cut off at wrong time. Am curious if that dude approaching the boar got attacked.,2020-11-27 14:47:36
"Once upon a time during the 2 years, I was informed during an outfield mission that if wild boar(s) are spotted and are hostile towards anyone, someone (usually the section commander) could fire 1 or 2 blank rounds to scare them away and it wouldn't be considered negligent discharge.

Despite a handful of encounters, I never thought it could be hostile enough to warrant using gunpowder.",2020-11-27 15:51:40
Don‚Äôt see the problem here. He‚Äôs just following the instructions on the bag.,2020-11-27 18:08:01
"As entertaining and amusing as this is, isn't this fairly dangerous? The boar may start targeting bicyclists in the future as it believes that's where its next meal is.",2020-11-27 15:28:38
"Looks like meat‚Äôs back on the menu, boys!",2020-11-27 14:31:47
"Why do you keep calling a wild boar a ""rare 4-hoofed monkey""? It's not a monkey, it's not rare, it's just annoying",2020-11-27 13:39:57
Uploaded to TikTok?..,2020-11-27 13:22:19
The dog ate my homework. ü§∑‚Äç‚ôÇÔ∏è,2020-11-27 22:16:27
Wild boar ripped off my field pack and ran off with my apple during outfield,2020-11-27 23:10:16
Go Boar! Down with capitalism wooooooooooOooOoOOOo!!!,2020-11-27 13:53:03
Where can i get one 4 hooved monkey?,2020-11-27 15:16:07
"Looks like pork is back on the menu, boys",2020-11-27 18:31:33
Would that food still be halal? Assuming it was.,2020-11-27 18:59:40
When the wild boar took ‚Äúgrab‚Äù food too literally,2020-11-28 10:02:56
Need to start culling boars,2020-11-28 11:41:14
That's despigable,2020-11-27 14:43:49
"Wa he really like GrabFood, must recommend him Foodpanda next time",2020-11-27 15:59:22
years of evolution and we are still helpless against a pig,2020-11-27 13:33:10
tian peng yuan shuai,2020-11-27 14:24:25
"2 stars, packaging was quite hard to open with my mouth.",2020-11-27 13:09:25
"""Sorry your dim sum went sum dim wong""",2020-11-28 00:24:04
"If you're out for food delivery and you park your bicycle in such a place, you kinda deserve it.",2020-11-27 14:29:07
"People bring insulated food bags into the jungle all the time, difference here is these guys didnt know the dangers of leaving one unattended and unguarded. Education is the key to prevent incidents like these.",2020-11-27 16:49:12
"Boars are common on the mainland. I once saw a family of 17 Wild Boars (a lot of them were kids) at Punggol. From afar, of course.",2020-11-27 21:26:11
Snorted my coffee out at this comment.,2020-11-27 15:04:31
BSLC & ASLC ex-trainee reporting. This is true.,2020-11-27 19:37:04
Nah they just rob and run. People only get hurt if they put up a fight.,2020-11-27 16:51:21
"Yeah, they're already targeting all bags left unattended on bicycles, and it seems like even people with bags aren't left alone, as long as the wild boar can smell food.

A lot of people visiting our green spaces don't think about the need to keep their distance from wildlife. And not only are some of the wild animals are not afraid of us anymore, they're being unwittingly trained by feeders to actively approach people. I'm really worried that this will escalate until someone gets seriously hurt, then there will be calls to cull them.",2020-11-27 21:30:16
Upvoted does LOTR reference.,2020-11-27 22:04:44
Cos they recognise food mounted on bicycles and have no fear in stealing just like the monkeys. They're also more disadvantaged cos they can't climb. Have some respect for the adaptability of nature.,2020-11-27 16:42:22
Anything to get validation from internet strangers,2020-11-27 13:40:16
"Next thing you know, feeding wild boars with tide pods.",2020-11-27 17:30:05
Include the Deliveroo!,2020-11-27 19:20:18
"Not helpless. If we are allowed to beat or kill them,things will be different. In the animal kingdom it is the survival of the fittest. Killed or be killed.",2020-11-27 13:35:56
Just make it legal to hunt the boars and it will prevent such incidents. Yummy.,2020-11-27 21:18:39
"Yeah, there are plenty of wild boar in Punggol and Lorong Halus. At least these are still pretty wild, except for those that get fed by people. At least the Pasir Ris wild boar aren't snatching food from bicycles (yet) like the ones at Chek Jawa.",2020-11-27 21:31:37
Can see them in the west too,2020-11-28 00:50:11
"Now, can you say all that in a more 'David Attenborough wannabe' way.",2020-11-28 00:43:04
"Also, to add on, habituated animals are even more danger to themselves because they now equate human presence with food; so they become more ""malas"" to find their own food, just like [that deer of Nara during CoVID-19](https://9gag.com/gag/aD4Qood).",2020-11-27 17:29:41
Well we can respect nature without a dumb clickbait title,2020-11-28 12:29:09
That's why we're all on reddit.,2020-11-27 14:14:41
With the cute puppy dog filter,2020-11-27 21:38:37
I don't think we're able to kill them without numbers/teamwork and/or weapons,2020-11-27 13:46:21
"Idk why this guy is downvoted, boars are literally considered pests in other countries.",2020-11-28 00:32:36
You guys should have seen the SAF live firing areas. They are everywhere man.,2020-11-27 22:29:31
Why am I downvoted lol. Boars are superpowerful. Source: age or empires 2.,2020-11-27 20:06:06
Keywords: other countries,2020-11-28 03:19:49
Think they've never tasted how yummy boars are before.,2020-11-28 09:08:15
Doesn't make them any less of a pest. They breed really fast.,2020-11-28 08:35:09
"They are native to SG and mass culling could have severe unintended consequences on our ecosystem. You'd have a stronger argument for hunting them if they are an invasive species or if we rely heavily on farming, but right now they are just a nuisance",2020-11-28 12:33:52
"I've seen this guy at Clementi quite a few times already, his bicycle is so brightly lit while on the road you must be a blind driver if you can't see him",2020-10-27 20:57:22
Same person?! https://www.reddit.com/r/singapore/comments/jiy88y/your_friendly_neighborhood_grab_rider/,2020-10-27 19:59:06
A person that is not afraid to show his liking in an unusual way. Kudos to him,2020-10-27 21:06:32
His future very bright,2020-10-27 21:25:17
Is he selling the Pikachus?,2020-10-27 19:46:50
"Pikachu! I choose food~ 

Cute! There‚Äôs a lady one near my area that has panda plushies but nothing that illuminating.",2020-10-27 19:48:09
He's pretty famous around Clementi.,2020-10-27 22:03:14
Pika Pika kawaii desu ne... :),2020-10-27 19:54:48
U confirm won‚Äôt see him on rainy days.,2020-10-28 04:35:37
How do you suppose those lights get powered on anyway?,2020-10-28 00:33:28
His bike reminds me of those bikes in meleka (apologies if I spelt it wrong),2020-10-28 10:45:26
I  passed by him and thought he was selling pikachus,2020-10-28 11:48:45
"I have seen him around several times too. This put a smile on my face - it just cheered me up. Perhaps it was the funky deco, or perhaps it was the music he was playing which somewhat lifted my mood during this trying time (esp before CB phase 2).",2020-10-28 10:01:18
He rocks üé∏,2020-10-28 21:22:57
Too cute ü•∞,2020-10-28 23:56:35
Respect.,2020-10-27 21:24:54
respect,2020-10-27 23:35:53
I've seen him multiple times around Clementi and West Coast area. Can't really appreciate the zhng but whatever floats his boat.,2020-10-27 23:36:41
"I live ~5 mins from Clem MRT.

Can confirm; I always see hin around.",2020-10-28 11:08:45
Haha 100%%%%,2020-10-27 20:00:08
He has a bright road ahead of him *,2020-10-28 03:20:54
I did not asked him.He was otp and he was pissed off about something haha,2020-10-27 19:47:43
"Pikachu and his 2 love 

Tomato Ketchup and Ash Ketchum",2020-10-27 21:03:33
Mala ka?,2020-10-28 13:07:48
"> otp

One true Pikachu?",2020-10-27 21:02:17
On the phone,2020-10-27 21:02:53
(Ôæâ*0*)Ôæâ another meaning for otp,2020-10-27 21:04:20
One time password,2020-10-29 08:36:53
One true pairing,2020-10-29 12:01:20
Ooo I like the framing in the last shot! Would've snipped just a lil bit more off the top tho.,2020-10-17 18:10:36
"From the first pic, thought u use helicopter to deliver food. Lol",2020-10-17 21:56:40
"Is this between Kembangan and Bedok stations? 

I always like to see MRT passing by and you really take it a good timing and view of it!",2020-10-17 21:40:30
Blk 32? My bf stays here and I'd always soak in the view on the way to his door. He stays on a higher level and the view is even better. We step outside the door for fireworks during NDP and NYE every year üòÇ,2020-10-17 22:26:24
U use helicopter to deliver ah. Why so nice one.,2020-10-17 23:05:41
Man! This could be a digital diary! ‚ÄúGradfood Views‚Äù,2020-10-18 09:48:51
"One of the best things about delivery is the different views you see of Singapore. 

Or I‚Äôd say the tips. If I ever been tipped.",2020-10-18 13:41:16
Well looks like u don‚Äôt have to go grab no more... take a few courses and maybe do photography full time?,2020-10-17 20:54:43
Nice. I sometimes go up to random blks to take photos of the views too.,2020-10-17 20:53:38
why did i think you took shots like at a bar HAHA,2020-10-18 10:39:14
Orange looks a bit saturated,2020-10-17 17:55:21
Nice pics and thanks for your hard work! I used GrabFood  a lot during NS. Those food deliveries kept me going.,2020-10-18 04:01:09
I miss it...,2020-10-18 06:33:08
So from grabfood to grabphotos üòÇ,2020-10-18 09:55:42
I love it. Keep on the good work my dude!,2020-10-18 10:23:52
Singapore looks great!,2020-10-18 13:57:36
"Looks good, do keep on snapping. Your best camera is the one you have with you. Play with the shadows and try not to do too much highlight recovery, tempting as it can be :)",2020-10-19 09:37:26
Tuned saturation and constrast up too much dude,2020-10-18 03:39:10
"Jobs for FTs, Grab for sinkies...xD",2020-10-17 18:59:33
OK so?,2020-10-17 18:59:40
"I'm going to go ahead and guess what phone you're using.

Probably Huawei phone with Leica camera",2020-10-17 18:48:10
Ditto!,2020-10-17 18:16:01
"Yeap this is the exit of the tunnel on the bedok side. I was just taking pictures of the scene without the train then I realised a train being there would make the pic better, so waited for the next 2 trains and took burst shots of them and chose this pic as the trains position on the track felt just nice",2020-10-17 22:17:07
"Yep it's block 32. Hope you guys will never get tired of the view.


The block where I live also used to have a great view of the city area and the fireworks during national day but now the view is fully obstructed by newer buildings",2020-10-17 22:34:34
"Needa use helicopter nowadays alr, the demand for food delivery too damn high eh",2020-10-17 23:48:16
"Yea man even tho the tips are pretty rare, when you get them, no matter the value of the tip, it makes you feel so damn good. Idk why but yea. 

And yea the views too. You start to appreciate Singapore's boring cityscape (townscape?) a tad bit more.",2020-10-18 13:53:05
Awwww!! Thank you. That's something I've been wanting to do :),2020-10-17 21:34:48
"Yea I'm still a noob when in comes to photography and editing so instead of trying to adjust all the hues individually, just adjusted the total contrast and saturation to make it a bit more vibrant and lifted up the shadows abit.

Edit: Ah just realized some of these pics are edited and some aren't, my gallery was very messy and accidentally posted the unedited ones too",2020-10-17 18:02:35
"Thank you very much for the feedback, I really appreciate it :)

And yea I've finally overcome the want for a camera. I always pushed back taking photos because I wanted to get a proper camera but I've finally realised how capable the phone is.

Thanks for the kind words :)",2020-10-19 10:03:21
"Yea thought so too, Welp I gotta have to be more careful from next time. To my untrained eye, higher saturation and contrast looks more vibrant so end up just whacking those amounts. Guess I'll try more artistic edits that change the mood of the picture in the future",2020-10-18 06:37:14
Hope you have a great day my man,2020-10-17 19:15:16
"Woop it's the Samsung S10 lite. It was the cheapest phone I could find with a good chip and OIS, tho I wish it had a Tele lens instead of the macro",2020-10-17 18:57:20
"Just wondering, why did they choose a tunnel? Seems like the train could go over the hill without needing a tunnel from this perspective.",2020-10-17 23:50:21
"Yeah, I don't think I will! This block is lucky. It's across private property so chances are the view will stay.",2020-10-17 22:50:48
Good leh.. can take nice pictures. Thank you for your service !,2020-10-18 00:11:47
Yeah! Use these deliveries as practise!,2020-10-18 00:34:53
"I do say, photos that looks nice without edits are worthy on Reddit.",2020-10-18 12:11:13
relax ya,2020-10-18 11:11:46
"My best guess is that having the train climb that ""hill"" will cost them alot of energy and over time that cost would add up to much more than just drilling a tunnel through the ""hill"". 

On another note the ""hill"" itself starts very close to kembangan MRT station so I'd guess it might be a bit too steep for the train to go over it from that side",2020-10-17 23:58:09
"Well I like the tunnel since I take from Buona Vista - > Bedok every day, the tunnel tells me that I'm reaching my stop next without having to look up from my phone. I know, I'm lazy as hell.",2020-10-18 12:23:50
Woop,2020-10-18 11:12:31
[deleted],2020-09-17 19:29:41
"> In one of the incidents on Mar 8, Tan ordered food from a restaurant in  Gangsa Road via the Foodpanda app, under the fake name ""Sammy Leong"". 

Too much bike forum :X",2020-09-17 18:19:54
Now he gets free food in jail.,2020-09-17 20:28:35
High level gian png,2020-09-17 18:27:26
"Ah, it's another of those people in PSLE math paper.",2020-09-17 22:48:51
"What a stupid plan, did he really think he was gonna get away with it?",2020-09-18 02:58:24
"Just Googled this guy's name and immediately got a pic of him in a mask, with his nose sticking out. Real [classy](https://www.straitstimes.com/singapore/courts-crime/man-who-had-food-sent-to-neighbours-flats-and-did-not-pay-delivery-riders) guy.",2020-09-18 04:28:03
"Why so bad one.. kacau neighbour, delivery riders and even the restaurant from my territory..",2020-09-18 03:07:22
"> # Man gets jail for ordering more than S$700 worth of food from GrabFood and Foodpanda without paying

> SINGAPORE: Over almost three weeks, a 27-year-old man ordered more than S$700 worth of meals from food delivery applications, had them delivered to his neighbours' flats and ate them without making payment.

> For four counts of cheating, with an additional nine charges taken into consideration, Leonard Tan Tong Han was sentenced to seven days' jail on Thursday (Sep 17).

> Advertisement

> Advertisement

> Tan stayed in a 14th-floor flat in Choa Chu Kang, and carried out the deception by having food delivered to his neighbours' flats on the floors just above and below his.

> The court heard that Tan made several food orders on the GrabFood and Foodpanda mobile applications between Feb 25 and Mar 14, with no intention of paying for his orders.

> He selected the ""cash on delivery"" payment option while ordering and before the food arrived, sent messages to the delivery riders telling them to leave the food outside the flat. He also told them he would make payment via PayLah! or PayNow.

> When he saw that the food had arrived, he would go to his neighbours' flats and collect the food from outside the flats. However, he did not make payment for the orders.

> Advertisement

> Advertisement

> To carry out his scheme, Tan set up multiple accounts on the food delivery apps with fictitious names and random phone numbers so that he could not be subsequently contacted.

> In one of the incidents on Mar 8, Tan ordered food from a restaurant in Gangsa Road via the Foodpanda app, under the fake name ""Sammy Leong"".

> He selected the ""cash on delivery"" option for the S$91.59 order, which he arranged to be delivered to his neighbour's flat on the 13th floor.

> In his order remarks on the application, Tan wrote: ""Leave food above shoe rack ... picking kids up from hospital. Just sms me your paynow number I will paynow and whatsapp you.""

> The delivery rider placed the food on the shoe rack outside Tan's neighbour's flat, sent a photo of the delivery to a number Tan had given him and left.

> DELIVERY RIDER SENSED SOMETHING WAS AMISS

> Tan later picked up the food, but the food delivery rider sensed something was amiss when he received no reply to his photo. He returned to the flat and saw that the food was gone.

> The rider knocked on the door of the flat, but the neighbour told him he had not placed any food delivery orders, adding that there had been similar incidents.

> The rider reported the case to Foodpanda. The neighbour had filed a police report earlier on Feb 25, over two pizza delivery orders that had been sent to his home.

> The total losses sustained by GrabFood and Foodpanda came to S$718.54. Tan has repaid the companies in full.

> The judge allowed Tan to serve his sentence on Oct 1.

> For each charge of cheating, he could have been jailed for up to three years, fined or both.

---
1.0.2 | [Source code](https://github.com/fterh/sneakpeek) | [Contribute](https://github.com/fterh/sneakpeek)",2020-09-17 18:18:11
"Question: What makes this a criminal and not a civil case? In many situations, ordering something and not paying up would be a contractual issue not subject to criminal law.",2020-09-18 00:25:43
Ah long la..,2020-09-18 04:44:27
"Jail for stealing $700 worth of food, but detain three foreign workers in a room for 40 days and you only get a fine?",2020-09-17 18:37:17
"How many transactions did it take to rack up such a high amount? Why did these companies not issue warnings or limit the activity of his account? I saw that he did it on multiple accounts, so why can't the company limit the number of accounts to phone numbers? I have so many questions...

One of my ex students (P5) would create multiple accounts on Grab and book many cabs and then cancel them last minute. Then he would create more and more accounts to continue his trolling. I wonder why companies don't improve their systems to stop people from trolling like this",2020-09-17 20:58:09
"And won‚Äôt be late too, but menu choice will not be fantastic",2020-09-18 01:51:01
This is clear-cut cheating. Section 415 penal code,2020-09-18 09:22:11
Maybe the monetary amount of losses?,2020-09-18 08:32:42
It's both.,2020-09-18 14:05:53
"Erm every case is unique. Comparing it like this is just plain ignorant and stupid. 

In this case, the defendant clearly purposefully, maliciously and knowingly took advantage of the system to cheat money. In the other case, the defendant wrongfully confine the workers because they were causing trouble to another worker and had a history of causing trouble and cases with the police.

Using even basic human judgment, you can tell the punishments handled down are fair and in accordance to the intent of the crimes.",2020-09-17 19:03:39
The article said he used different phone numbers so not much can be done in that case.,2020-09-17 21:04:11
I‚Äôm sure it costs more money to try spot and catch every single person who tries to game the system VS just letting some of them get away with it. Most customers will follow the rules.,2020-09-17 21:55:33
"Stated in article he ordered $91. So he probably had approx 7 big transactions. 

But I don‚Äôt understand why the riders can be so gullible to leave the food behind without getting paid on the spot especially for such a high value. I personally wouldn‚Äôt.",2020-09-17 23:26:23
"> Section 415 penal code

It sounds like wage theft would also qualify even though those cases are usually civil, so I'm guessing this was only pursued because the evidence was good enough to prove beyond reasonable doubt.",2020-09-18 09:32:01
"Bollocks. Is an employer responsible if a worker commits crimes in their spare time? No.

If a worker commits crimes or causes trouble witn other workers, it is a criminal matter and you call the police.

If you lock people up for 40 days ""to prevent trouble"", it's called vigilantism. There is no room in a civilised society for vigilantism.",2020-09-17 19:08:49
"Ah ok, thanks for reading it in more detail. I skimmed through the article too quickly",2020-09-17 21:10:55
They have other deliveries to make than wait for him to pay up,2020-09-18 00:54:05
">It sounds like wage theft would also qualify even though those cases are usually civil

Unfortunately most of the theft and cheating crimes in the Penal Code are property-centric, i.e. they deal with property and not services

Wage theft would not easily fall under those defined offenses in the Penal Code.

There is a regulatory regime under our labour laws, i.e. Employment Act and Employment of Foreign Manpower Act, but MOM enforcement is spotty. It's no secret where our enforcement priorities lies, and it's also no secret that Singapore treats and has long treated migrant workers shabbily.

There is an excellent position paper by HOME about the practice of wage theft and wage exploitation in Singapore - easily googleable. This issue is also somewhat of interest to me, i  volunteered at a migrant worker NGO for a while and witnessed many outrageous/exploitative practices esp by construction companies.",2020-09-18 09:59:44
"Go read up intent in law. The employer at no time deprived the workers of food, water and even had their mobile phones with them. 

Did the employer took the laws upon on his own hands? Yes. Did the employer did it base on malice and ill-will? Clearly, basic judgement and the judge didn‚Äôt think so because the employer had evidence supporting why he did what he did.",2020-09-17 19:13:41
"That‚Äôs dumb. For perspective, $90 is probably what some might earn doing delivery the whole day. 

‰∏ÄÊâã‰∫§Èí±‰∏ÄÊâã‰∫§Ë¥ß„ÄÇso yea, sometimes you deliver to hotels....you waste quite some time.
I‚Äôd call CS to intervene but getting to them is another problem at times.

I‚Äôve previous experienced delivering some $40 worth of food to a unit which when I arrived claimed there was no such person. Called CS and in the end had to ‚Äúdispose‚Äù off the food and got my full compensation.",2020-09-18 01:06:18
So failure to pay for medical services or business services would also not be under the purview of the Penal Code?,2020-09-18 11:48:13
"Ok, so the next time one is ""under police investigation"", your employer is entitled to lock you up for 40 days with only fear of a fine. Got it.

It also seems very funny / fishy that:

- despite these guys supposedly breaking the law repeatedly, they were still allowed to stay in Singapore to work. Invariably, a conviction means you lose your work pass.

- the employer continued to employ them despite their colourful history. Why wouldn't you just sack them for misconduct wash and hire other people?

But there you go. I won't return to this discussion, so have a good evening.",2020-09-17 19:33:34
"Actually i stand corrected. There's a new section 420A([https://sso.agc.gov.sg/Act/PC1871?ProvIds=pr420A-#pr420A-](https://sso.agc.gov.sg/Act/PC1871?ProvIds=pr420A-#pr420A-)) in the Penal Code which criminalizes fraudulently or dishonestly obtaining services.

This was just amended last year and came into effect in Jan 2020 this year, which does underscore the point that historically, the law was far more concerned about protecting people's property rights (whether tangible or intangible) rather than being cheated of services.

But i think your larger question is what separates a breach of contract (which would result in a civil claim) from a cheating offence (which would result in criminal prosecution).

The mental element of proving fraud or deception is a necessary element for the offence. This is a very high threshold to prove in reality.

In this Grabfood case, the fraudulent and deceptive conduct is clearly borne out, and his intent can be readily inferred from his numerous pattern of past orders.

A one-off failure to pay your SGH medical bill is not likely enough to plausibly give rise to an inference of fraud.

From an enforcement point of view, the police and prosecutors aren't going to sieve through the hundreds of dishonoured transactions everyday to see whether they have a basis of charging someone for an offence or not.",2020-09-18 13:53:01
"> your employer is entitled to lock you up for 40 days with only fear of a fine

In your world of logic probably, no one ever argued that he was entitled to do that. The proposition the whole time was that the punishment handled down based on the evidence and circumstances presented was fair and in accordance to the intent of each crime.   As an employer, he should have known better otherwise. But did he did out of ill-will and malice? Clearly not. Else the judge would have handed down a jail sentence.",2020-09-17 19:48:02
"Yeah, I gathered that the weight of the evidence, especially on his intent, was probably what made it worth prosecuting.",2020-09-18 14:32:10
"He can make excuses for his conduct, but my point earlier was that it's telling that the workers actually had no criminal records and convictions.

For the record, I think the judge was wrong and I hope the DPP appeals the sentence. But we can agree to disagree.",2020-09-18 07:50:27
