author,content,date,likes,retweets,url
BreakWindow,I know this plot,2021-03-05 22:23:56,194,,/r/singapore/comments/lycit2/grabfood_rider_spends_1_hour_helping_office/
deioped,$10 for an hour... lmao.,2021-03-05 23:39:23,86,,/r/singapore/comments/lycit2/grabfood_rider_spends_1_hour_helping_office/
FitCranberry,who even submitted this story to mothership,2021-03-05 23:36:20,55,,/r/singapore/comments/lycit2/grabfood_rider_spends_1_hour_helping_office/
PARANOIAH,"*Stuck in chair*

*What are you doing step-Grabber?*",2021-03-05 23:47:20,25,,/r/singapore/comments/lycit2/grabfood_rider_spends_1_hour_helping_office/
StoenerSG,If it's OL in distress. I would help too!! U never know what the rewards would be!! ;),2021-03-05 22:16:45,66,,/r/singapore/comments/lycit2/grabfood_rider_spends_1_hour_helping_office/
BS_MokiMoki34,"Knn. Mala really invading everything in SG sia.  

First it was Mala stalls, then came Mala-fusion food, Mala-flavoured snacks...now OLs also got Mala?  

Mala is really taking over everything!",2021-03-05 22:24:16,48,,/r/singapore/comments/lycit2/grabfood_rider_spends_1_hour_helping_office/
sneakpeek_bot,"> # GrabFood rider spends 1 hour helping office ladies dismantle & assemble chair

> A group of office workers in Singapore got into a bit of a pickle at work when they tried but were unable to assemble one of their new office chairs.

> Wrongly-assembled chair

> One of them, Mala Devi, told Mothership that they were befuddled by the assembly of the furniture and how it eventually turned out.

> Mala added that the supplier had assured her and her colleagues that setting the chair up would be an easy job and to simply follow the instructions.

> It wasn't the case, however.

> Here's a picture of the chair after they had assembled it.

> Doesn't look too good for one's posture.

> Rider to the rescue

> Thankfully, a GrabFood delivery rider who arrived at their office to deliver food came to the rescue.

> Mala shared that the rider, Ku Soon Ming, noticed the atypical chair.

> Ku took a closer look at the chair, and Mala's colleague then asked him if he would be able to fix it.

> He replied that he would try.

> And proceeded to spend the next one hour figuring out what went wrong and completely dismantling and reassembling the chair.

> It turns out that Mala and her colleagues had used the wrong screw when connecting the various parts, a piece of information which Mala noted the instructions failed to include.

> Mala then expressed her gratitude to Ku who decided to extend a helping hand to them.

> She wrote that for delivery riders, time lost was income lost.

> She and her colleagues also tipped the rider S$10 as a token of appreciation for his kindness and patience.

> Although Ku initially refused, he eventually accepted the cash after much persuasion.

> Mala said: ""Kudos to Mr Ku Soon Ming for being a kind Samaritan of the day!""

> Top photo from Mala

---
1.0.2 | [Source code](https://github.com/fterh/sneakpeek) | [Contribute](https://github.com/fterh/sneakpeek)",2021-03-05 22:05:54,16,,/r/singapore/comments/lycit2/grabfood_rider_spends_1_hour_helping_office/
GunD4mn,Office ladieS mah. I don't think he would want to fix my chair.,2021-03-05 23:15:17,27,,/r/singapore/comments/lycit2/grabfood_rider_spends_1_hour_helping_office/
chrumms,‚ÄúWe have a Xiao chair inside. You can help screw properly?‚Äù,2021-03-05 23:42:09,10,,/r/singapore/comments/lycit2/grabfood_rider_spends_1_hour_helping_office/
stratint,"Step rider, I need help",2021-03-06 01:31:41,9,,/r/singapore/comments/lycit2/grabfood_rider_spends_1_hour_helping_office/
meekiatahaihiam,"Kudos to e rider, I dunno what interior, exterior, ulterior motive he might or might not have, in e purest perspective he performed a kind act.",2021-03-06 01:37:06,7,,/r/singapore/comments/lycit2/grabfood_rider_spends_1_hour_helping_office/
bukitbukit,Maybe he had a similar chair at home,2021-03-05 22:24:42,2,,/r/singapore/comments/lycit2/grabfood_rider_spends_1_hour_helping_office/
sankaps21,"Ever heard the story where a group of females could not assemble a chair, but one man could? Extreme feminists please take note.",2021-03-06 10:32:33,2,,/r/singapore/comments/lycit2/grabfood_rider_spends_1_hour_helping_office/
Burnz2p,And they still didn‚Äôt tip him.,2021-03-06 18:52:26,0,,/r/singapore/comments/lycit2/grabfood_rider_spends_1_hour_helping_office/
OutheMatrix,Lol the gutter mind hive mind here,2021-03-06 10:45:10,-1,,/r/singapore/comments/lycit2/grabfood_rider_spends_1_hour_helping_office/
bindingofsemen,My chair is stuck grabrider,2021-03-06 00:17:55,34,,/r/singapore/comments/lycit2/grabfood_rider_spends_1_hour_helping_office/
MisakiFC24,So i heard your chair needs some fixing ? *wink*,2021-03-05 23:10:32,54,,/r/singapore/comments/lycit2/grabfood_rider_spends_1_hour_helping_office/
metalfox3d,"$10 is like 1-2 deliveries (depending on location). On average you do 3 deliveries/hr.

Bless his heart ü•∫",2021-03-06 08:36:32,37,,/r/singapore/comments/lycit2/grabfood_rider_spends_1_hour_helping_office/
IVIorphinz,Kachang Puteh,2021-03-05 23:53:28,4,,/r/singapore/comments/lycit2/grabfood_rider_spends_1_hour_helping_office/
jmzyn,( Õ°¬∞ Õú ñ Õ°¬∞),2021-03-05 22:53:49,31,,/r/singapore/comments/lycit2/grabfood_rider_spends_1_hour_helping_office/
IVIorphinz,Some OLs are actually hot haha üòÜ,2021-03-05 23:54:13,25,,/r/singapore/comments/lycit2/grabfood_rider_spends_1_hour_helping_office/
-_af_-,NCMP Leong. Is this your account?,2021-03-05 22:57:48,13,,/r/singapore/comments/lycit2/grabfood_rider_spends_1_hour_helping_office/
lupintonks_,Not all heroes wear capes,2021-03-06 00:04:08,4,,/r/singapore/comments/lycit2/grabfood_rider_spends_1_hour_helping_office/
CervezaPorFavor,"Maybe he's an ""equal opportunity"" kind of guy leh? ( Õ°¬∞ Õú ñ Õ°¬∞)",2021-03-06 10:07:40,4,,/r/singapore/comments/lycit2/grabfood_rider_spends_1_hour_helping_office/
tamagoyakisoba,"after he's done with the chairs, we all know he isn't doing the riding",2021-03-06 10:18:45,3,,/r/singapore/comments/lycit2/grabfood_rider_spends_1_hour_helping_office/
actblurlivelonger,Step-rider*,2021-03-06 10:37:33,21,,/r/singapore/comments/lycit2/grabfood_rider_spends_1_hour_helping_office/
I_love_pillows,Ok bend uh I mean move over I got this.,2021-03-05 23:22:16,25,,/r/singapore/comments/lycit2/grabfood_rider_spends_1_hour_helping_office/
deioped,"Ya, I know. He rugi for sure. Feel sian for him...",2021-03-06 21:44:18,2,,/r/singapore/comments/lycit2/grabfood_rider_spends_1_hour_helping_office/
CSlv,Inb4 50 year old secretary,2021-03-06 10:02:10,11,,/r/singapore/comments/lycit2/grabfood_rider_spends_1_hour_helping_office/
BS_MokiMoki34,"It's your CDC Mayornnaise! Mayo McSpicy!  

I can't be NCMP Leong, my contract is only part-time, I practically don't work.",2021-03-05 23:38:42,8,,/r/singapore/comments/lycit2/grabfood_rider_spends_1_hour_helping_office/
NotoriousArseBandit,Why did her glasses shatter? Prescription lenses are designed to be shatterproof because of this exact reason,2021-01-19 14:35:24,119,,/r/singapore/comments/l0c124/8yearold_girls_glasses_shatter_into_eye_face/
sneakpeek_bot,"> # 8-year-old girl's glasses shatter into eye & face after GrabFood cyclist hits her at Bukit Batok

> An 18 year-old GrabFood rider was arrested on Jan. 16 by the police after he collided into an eight-year-old girl along a Bukit Batok footpath.

> The collision shattered the girl's glasses, leaving her with a bloodied face.

> She also suffered an eye injury and had to undergo eye surgery, reported The Straits Times.

> The girl's mother, Sathiya, told ST that she walking home with her daughter on January 15 along Bukit Batok Street 52. They were with another mother-daughter pair.

> Along the way, they spotted a GrabFood rider cycling towards them. Sathiya told ST that she nudged her daughter and the other girl behind her even though the cyclist was not going fast.

> After the rider passed them, Sathiya heard a loud scream. She turned around and saw her daughter lying on the ground with glass shards and blood on her face.

> The cyclist was apologetic and even cried, the mother said.

> The girl was sent to the National University Hospital (NUH) where she underwent surgery on that day itself. ST reported that the girl is expected to undergo another round of surgery next week.

> The GrabFood rider has been suspended. If convicted of causing grievous hurt by performing a negligent act, he could be jailed for up to two years and fined up to S$5,000.

> Top image via Google Maps.

---
1.0.2 | [Source code](https://github.com/fterh/sneakpeek) | [Contribute](https://github.com/fterh/sneakpeek)",2021-01-19 12:21:00,27,,/r/singapore/comments/l0c124/8yearold_girls_glasses_shatter_into_eye_face/
TimothyChee,This is just sad. The driver didn't do it intentionally.,2021-01-19 12:48:26,122,,/r/singapore/comments/l0c124/8yearold_girls_glasses_shatter_into_eye_face/
lumintus,">Along the way, they spotted a GrabFood rider cycling towards them. Sathiya told ST that she nudged her daughter and the other girl behind her even though the cyclist was not going fast.

>After the rider passed them, Sathiya heard a loud scream. She turned around and saw her daughter lying on the ground with glass shards and blood on her face.

Man this is such a bad situation all around, the kid moved so fast the mum didn't notice either",2021-01-19 15:55:50,21,,/r/singapore/comments/l0c124/8yearold_girls_glasses_shatter_into_eye_face/
CleverAx,"Man, totally recalled how it felt to have my glasses shattered onto my face. I was in shocked right after that and my vision on the affected area was white and blur. Because the blood was going into my eye, it make me felt that i was permanently blinded. Thank god my eye was unaffected but i have cuts along my eyelid, which the scars still could be seen every time I look myself at the mirror.",2021-01-19 15:17:33,15,,/r/singapore/comments/l0c124/8yearold_girls_glasses_shatter_into_eye_face/
moon-lite,do people really still wear glass glasses?,2021-01-19 13:58:02,24,,/r/singapore/comments/l0c124/8yearold_girls_glasses_shatter_into_eye_face/
darknezx,"Doesn't seem like anything the rider did was wrong. Not going fast, it's the girl's fault imo. He even got suspended for nothing.",2021-01-19 23:28:45,8,,/r/singapore/comments/l0c124/8yearold_girls_glasses_shatter_into_eye_face/
everraydy,"The way this piece (along with whatever the mainstream media has produced regarding this incident) is written leaves us with more questions than answers. 

Was he riding a compliant bike to begin with (handlebar width)? Which part of the pavement was he cycling on? The extreme end of the Pavement (Which he should be doing, so as to ensure a sufficient and safe passing distance from any pedestrians)? Or was he near the centre? 

Was he speeding? What is ""not that fast"" speed? & Most crucially of all: Was the rider using a mobile device while cycling, and was he aware of the presence of the pedestrians at all?

All these questions need to be answered, because like I said previously, an incident like this really shouldn't be happening at all. And it's not as simple as resolving the situation with a 3 letter word called: ""Ban"" 

That said, I really do respect the rider for being responsible, promptly stopping and not speeding off.",2021-01-19 13:20:16,26,,/r/singapore/comments/l0c124/8yearold_girls_glasses_shatter_into_eye_face/
DifficultyExtension5,"Time to ban bicycles
/s just in case",2021-01-19 13:50:28,-16,,/r/singapore/comments/l0c124/8yearold_girls_glasses_shatter_into_eye_face/
flippening_,"We need to ban all pmd from the footpath, period. It‚Äôs causing unnecessary distress to the young and old. And also ban all these cyclists from the roads as well.",2021-01-20 01:49:29,-8,,/r/singapore/comments/l0c124/8yearold_girls_glasses_shatter_into_eye_face/
Achuapy,People risking their lives just to deliver someone lunch is just a stupid concept,2021-01-19 20:57:29,-11,,/r/singapore/comments/l0c124/8yearold_girls_glasses_shatter_into_eye_face/
lumintus,Right? I'm glad I'm not the only one that noticed this,2021-01-19 15:53:15,28,,/r/singapore/comments/l0c124/8yearold_girls_glasses_shatter_into_eye_face/
Zorroexe,"> The cyclist was apologetic
>The GrabFood rider has been suspended. If convicted of causing grievous hurt by performing a negligent act, he could be jailed for up to two years and fined up to S$5,000.

... Like that, run away also no big different.",2021-01-19 21:26:39,17,,/r/singapore/comments/l0c124/8yearold_girls_glasses_shatter_into_eye_face/
milowala,Yea. Wasn't going fast plus only 18 years old. And seems like she might have ran out from behind the mom. Hope the girl recovers well and hope this dude isn't punished too severely.,2021-01-19 12:51:20,101,,/r/singapore/comments/l0c124/8yearold_girls_glasses_shatter_into_eye_face/
Reasonable-Froyo-449,i beg to differ. many cyclists violate traffic light rules and i myself have been ( almost) a victim of injury. they are racing for time and sometmes they dont rlly care the pedestrians ard them,2021-01-19 15:53:03,-13,,/r/singapore/comments/l0c124/8yearold_girls_glasses_shatter_into_eye_face/
mach8mc,what's the material of the lens? is it made of mineral glass or plastic?,2021-01-19 21:17:40,4,,/r/singapore/comments/l0c124/8yearold_girls_glasses_shatter_into_eye_face/
horsetrich,My thought exactly. Isn't all lenses plastic now?,2021-01-19 14:09:54,26,,/r/singapore/comments/l0c124/8yearold_girls_glasses_shatter_into_eye_face/
Burnz2p,Holy shit you people are pedantic.,2021-01-19 18:47:00,5,,/r/singapore/comments/l0c124/8yearold_girls_glasses_shatter_into_eye_face/
hopeinson,"There are some [advantages](https://www.foreyes.com/blog/which-is-better-glass-or-plastic-lenses/) of wearing glasses made of glass as compared to plastics, but people chose the latter simply because they can't afford to have two separate eye-wear.",2021-01-19 16:05:17,2,,/r/singapore/comments/l0c124/8yearold_girls_glasses_shatter_into_eye_face/
OneScrewLoose_,"Maybe glasses was used as a synonym for spectacles, and not to mean glass spectacle lenses.",2021-01-19 14:18:04,-14,,/r/singapore/comments/l0c124/8yearold_girls_glasses_shatter_into_eye_face/
Vedor,"Old joke, next please.",2021-01-20 07:17:34,2,,/r/singapore/comments/l0c124/8yearold_girls_glasses_shatter_into_eye_face/
potatetoe_tractor,"Ban on cycling on footpath, ban on road, then cycle on where? Air ah?",2021-01-20 19:47:00,3,,/r/singapore/comments/l0c124/8yearold_girls_glasses_shatter_into_eye_face/
oceanmountainlifer,"People gotta eat, both the one ordering and the delivery guy.",2021-01-19 21:37:13,11,,/r/singapore/comments/l0c124/8yearold_girls_glasses_shatter_into_eye_face/
MadKyaw,Running away would give the prosecution the excuse to give a more severe punishment,2021-01-19 22:35:28,16,,/r/singapore/comments/l0c124/8yearold_girls_glasses_shatter_into_eye_face/
Anduin1357,"It should be asked if the kid was negligent and moved into the path of the bike anyway, even after the mother nudged her to the side.

The rider might not be at fault and could be scared about the consequences, after all they are just 18 and the harm was pretty severe. The apology isn't proof of guilt, since anybody with empathy would feel sorry for the kid who got hit, and also as a show of good faith to the mother that it was not intentional.

If the rider was not guilty of negligence, there should be no punishment at all, period.",2021-01-19 13:50:45,95,,/r/singapore/comments/l0c124/8yearold_girls_glasses_shatter_into_eye_face/
TimothyChee,"Yeap. Some might blame the driver. Some might blame the girl. But let's be honest .Some will blame government why never ban these vehicles or wtv. 

It's just a really bad situation. 

Sighs.

In before some say. Why the guy cry? Fucking pussy ah?",2021-01-19 12:55:22,17,,/r/singapore/comments/l0c124/8yearold_girls_glasses_shatter_into_eye_face/
CleverAx,"I'm pretty sure is glass, i have already switch to a plastic one",2021-01-20 17:14:03,2,,/r/singapore/comments/l0c124/8yearold_girls_glasses_shatter_into_eye_face/
agimori,High degrees require actual glass lenses as plastic would be too thick and heavy to fit on a frame. Degrees from 800 above will likely be made of glass,2021-01-19 15:41:49,21,,/r/singapore/comments/l0c124/8yearold_girls_glasses_shatter_into_eye_face/
CCVork,"It's not about the terminology. It's reported that hers ""shattered"" and there were glass shards in her face.",2021-01-19 14:35:33,18,,/r/singapore/comments/l0c124/8yearold_girls_glasses_shatter_into_eye_face/
flippening_,"Cycle at designated cycling lanes, such as the park.",2021-01-21 11:35:12,-1,,/r/singapore/comments/l0c124/8yearold_girls_glasses_shatter_into_eye_face/
Achuapy,our roads  and pathways arent design for such services. Many accidents since food delivery became so popular,2021-01-20 22:43:21,1,,/r/singapore/comments/l0c124/8yearold_girls_glasses_shatter_into_eye_face/
Zorroexe,"Either way, he's fk'd as the mother will push for more punishment, and the judge most likely put the maximum. 

I'm sure the punishment for injuring (by accident or not) is more serious then peeking tom. /s",2021-01-20 19:02:58,1,,/r/singapore/comments/l0c124/8yearold_girls_glasses_shatter_into_eye_face/
milowala,">
>If the rider was not guilty of negligence, there should be no punishment at all, period. 

I hope that's the case.",2021-01-19 13:52:24,43,,/r/singapore/comments/l0c124/8yearold_girls_glasses_shatter_into_eye_face/
GrimaH,"The rider is legally at fault unfortunately, especially since the girl was arguably moderately injured requiring surgery.

Regulations dictate 10km/h speed on footpaths, and that's a lot slower than people imagine (and slower than the actual speed any sane defensive rider cruises at for that matter), precisely because it theoretically allows alert riders to stop on a dime. And cyclists, being the ones with more momentum (+ a bicycle), have the legal responsibility in any collision with a pedestrian.",2021-01-19 14:31:54,20,,/r/singapore/comments/l0c124/8yearold_girls_glasses_shatter_into_eye_face/
QLevi,"IMO, if you're on a larger vehicle, greater responsibility rests on you to ensure the safety of other users of the road. The rider is at fault even if the kid ran out suddenly into their path, and he deserves to be punished by the law.",2021-01-19 23:04:18,-9,,/r/singapore/comments/l0c124/8yearold_girls_glasses_shatter_into_eye_face/
Nikelodean,In the US they have bike/skate paths. Maybe this should be used here too.,2021-01-19 16:00:24,10,,/r/singapore/comments/l0c124/8yearold_girls_glasses_shatter_into_eye_face/
saintlyknighted,‚Äú70% voted for this‚Äù,2021-01-19 13:04:13,-10,,/r/singapore/comments/l0c124/8yearold_girls_glasses_shatter_into_eye_face/
MrFoxxie,"Too thick yes, too heavy no

Glass lenses are still heavier than plastic lenses, although it is thinner so you don't.have literal lens sticking to your face

Source: have 1.5k degrees and using glass lenses because no choice",2021-01-19 16:51:03,28,,/r/singapore/comments/l0c124/8yearold_girls_glasses_shatter_into_eye_face/
mach8mc,"what about double aspheric 1.74 index?

for mineral glasses, 1.8 is preferred over 1.9 as the latter is too brittle",2021-01-19 21:19:32,3,,/r/singapore/comments/l0c124/8yearold_girls_glasses_shatter_into_eye_face/
potatetoe_tractor,"Then what about those that depend on cycling for their daily commute? Our PCN network does not cover everywhere, and we've only got 1 dedicated cycling lane along Tanah Merah at the moment (and that's mostly for leisure unless you're a worker staying in the dormitories). What would you say to those people, then? It's pretty shitty suggestion that acts as a ban on cycling in all but name. Besides, something tells me that people like you would simply call for a ban of bikes in parks eventually. There's simply no way of appeasing you folk.",2021-01-21 11:59:09,3,,/r/singapore/comments/l0c124/8yearold_girls_glasses_shatter_into_eye_face/
littlelightchop,"To put the speed into perspective, a speed of 10kph for a 2.4km run is 14.4mins. Which is a fail above a certain age.",2021-01-19 16:49:58,25,,/r/singapore/comments/l0c124/8yearold_girls_glasses_shatter_into_eye_face/
Anduin1357,"Excuse me, the rider has been arrested, not convicted.

They can be investigated for their role in the accident but conclusions must not be drawn in lieu of the conviction.",2021-01-19 14:39:37,20,,/r/singapore/comments/l0c124/8yearold_girls_glasses_shatter_into_eye_face/
Anduin1357,"Right, and locomotive drivers are responsible for the safety of people on the tracks.

I would rather suspend any judgement for the judge alone to decide, especially since the court has the evidence to weigh the rider's guilt, not us.",2021-01-19 23:32:08,5,,/r/singapore/comments/l0c124/8yearold_girls_glasses_shatter_into_eye_face/
superman1995,"We do have bike paths in many places. People just ignore them and prefer to cycle on the footpaths instead. Even when the footpaths and bike paths are just across the road from one another.

While we don't have the full facts from this case yet. We need to start considering punishing those who use the footpaths when there are bike paths nearby heading in the same direction not far away, i.e. across the road.

We can't have any more accidents like this",2021-01-19 17:16:36,-3,,/r/singapore/comments/l0c124/8yearold_girls_glasses_shatter_into_eye_face/
thankiw,61%*,2021-01-19 13:09:02,-8,,/r/singapore/comments/l0c124/8yearold_girls_glasses_shatter_into_eye_face/
flippening_,"We have world class transport - trains, buses, cars (private or personal). We aren‚Äôt Europe that have dedicated cycling lanes, so stop trying to be them. Until we have the right infrastructure to accommodate cyclists on roads, it‚Äôs best to stay off.",2021-01-22 10:20:17,-1,,/r/singapore/comments/l0c124/8yearold_girls_glasses_shatter_into_eye_face/
ShadowSpiked,"To be fair, that's around my 2.4 timing, and if I buang a little girl at that speed, I won't be surprised if she's injured.",2021-01-20 00:31:54,-6,,/r/singapore/comments/l0c124/8yearold_girls_glasses_shatter_into_eye_face/
tegeusCromis,"That poster is not a court, just an individual expressing their opinion based on the available facts.",2021-01-19 16:05:37,9,,/r/singapore/comments/l0c124/8yearold_girls_glasses_shatter_into_eye_face/
la_gusa,"We have bike paths, but unfortunately they don't reach everywhere. I cycke using PCNs whenever I can and I would rather take a detour if I can use a PCN. But they don't reach every place I need/want to go, and even connecging a PCN to anothet PCN will require using a footpath",2021-01-19 19:10:10,10,,/r/singapore/comments/l0c124/8yearold_girls_glasses_shatter_into_eye_face/
Oscarizxc,"langgar, not buang.",2021-01-20 00:37:47,1,,/r/singapore/comments/l0c124/8yearold_girls_glasses_shatter_into_eye_face/
Anduin1357,Too bad that the available facts does not include a speed camera reading and certainly puts pre-emptive legal burden on the rider.,2021-01-19 16:09:30,-3,,/r/singapore/comments/l0c124/8yearold_girls_glasses_shatter_into_eye_face/
66queenofhell66,The worst part is when there are shared paths(the red path for bicycles and concrete path for humans) pedestrians still chose to walk on the bike path amd worse of all phone zombiesüò©,2021-01-20 13:57:58,1,,/r/singapore/comments/l0c124/8yearold_girls_glasses_shatter_into_eye_face/
superman1995,"As stated above when its an issue when people ""  footpaths when there are bike paths nearby heading in the same direction not far away, i.e. across the road.""

If there aren't bike paths, then there isn't much that we can do in the short term. But when there are, then people must use them or face consequences. If not, then why did we even spend over $40 million on it??",2021-01-19 19:34:05,0,,/r/singapore/comments/l0c124/8yearold_girls_glasses_shatter_into_eye_face/
tegeusCromis,"You can agree or disagree with the view the other poster has formed. I am simply pointing out that there is nothing wrong with individuals expressing their views on the legal merits of a case before it goes to trial, unless it is an attempt to influence the outcome.",2021-01-19 16:12:05,9,,/r/singapore/comments/l0c124/8yearold_girls_glasses_shatter_into_eye_face/
Anduin1357,It's not a lawsuit.,2021-01-19 16:22:56,-8,,/r/singapore/comments/l0c124/8yearold_girls_glasses_shatter_into_eye_face/
tegeusCromis,"Where did I use the term ‚Äúlawsuit‚Äù? It‚Äôs probably acceptable to use it to describe a criminal case, but I didn‚Äôt even use the word‚Äîyou did.

Anyway, what‚Äôs your point?",2021-01-19 16:31:09,5,,/r/singapore/comments/l0c124/8yearold_girls_glasses_shatter_into_eye_face/
Anduin1357,"There is no merits in the case to explore. The case is criminal and the facts are the facts. If there is no legal merit to the case, then the police would be very wrong indeed to arrest the guy for nothing.

&#x200B;

Since it's not a lawsuit, there's no merits to explore and we should just wait for the judgement.

And of course you don't know how it applies. Why else would this fly over your head?",2021-01-19 19:21:49,-4,,/r/singapore/comments/l0c124/8yearold_girls_glasses_shatter_into_eye_face/
tegeusCromis,Why does the case being criminal as opposed to civil mean that no one should comment on it until there‚Äôs a judgment? You‚Äôre not making sense.,2021-01-20 01:36:51,1,,/r/singapore/comments/l0c124/8yearold_girls_glasses_shatter_into_eye_face/
Anduin1357,You can comment but not conclude.,2021-01-20 02:10:55,-1,,/r/singapore/comments/l0c124/8yearold_girls_glasses_shatter_into_eye_face/
tegeusCromis,Why not?,2021-01-20 02:26:07,1,,/r/singapore/comments/l0c124/8yearold_girls_glasses_shatter_into_eye_face/
Anduin1357,Are you the judge?,2021-01-20 02:41:29,-1,,/r/singapore/comments/l0c124/8yearold_girls_glasses_shatter_into_eye_face/
tegeusCromis,"No, which is precisely why if I say ‚Äúso-and-so is liable for such-and-such‚Äù, I am merely expressing an opinion as to what the correct outcome is. My saying it does not make it happen, so I don‚Äôt see what is objectionable about it.",2021-01-20 03:01:19,2,,/r/singapore/comments/l0c124/8yearold_girls_glasses_shatter_into_eye_face/
AufaLaLa,HAHA AYEE THATS ME,2021-02-14 21:44:12,40,,/r/singapore/comments/ljlp6d/cai_shen_ye_grabfood_rider/
SeeTaiShan,"This guy is dedicated lol, got video and song some more

[https://www.instagram.com/p/CLLjAi5HshG/](https://www.instagram.com/p/CLLjAi5HshG/)",2021-02-14 17:59:39,14,,/r/singapore/comments/ljlp6d/cai_shen_ye_grabfood_rider/
basilyeo,Lol super la,2021-02-14 18:59:06,3,,/r/singapore/comments/ljlp6d/cai_shen_ye_grabfood_rider/
Wowmich,Come up with a Superhero outfit for Grabfood rider. They deserve the recognition!,2021-02-15 01:27:14,1,,/r/singapore/comments/ljlp6d/cai_shen_ye_grabfood_rider/
ranmafan0281,"Bro, you genius. Bravo.",2021-02-14 22:55:50,6,,/r/singapore/comments/ljlp6d/cai_shen_ye_grabfood_rider/
icyfantasy,"Full list of 24 hour outlets

**EAST** 

Operating Hours: Sun - Thurs: 0600 - 0200, Fri & Sat: 24hrs

1. Bedok Reservoir
2. Bedok North
3. Elias CC
4. Pasir Ris Complex
5. Tampines Mart
6. Tampines West CC
7. Kallang
8. Geylang East Central

**NORTH** 

Operating Hours: Sun - Thurs: 0600 - 0200, Fri & Sat: 24hrs

1. Ang Mo Kio
2. Ang Mo Kio Ave 10
3. Ang Mo Kio Ave 4
4. Serangoon Ave 3
5. Seng Kang Rivervale
6. Rivervale Mall
7. Sengkang Sport Complex
8. Woodgrove
9. NorthPoint
10. Ang Mo Kio Park
11. Toa Payoh Centre
12. Toa Payoh Lorong 1
13. Hougang
14. Waterway Point
15. Punggol Safra
16. Yishun
17. Causeway Point
18. Woodland Mart
19. Sunplaza
20. Khatib
21. Hougang Ave 8
22. Yishun Safra
23. Yishun Ring Road 

**SOUTH** 

Operating Hours: Mon - Fri: 0700 - 0200, Sat/Sun/PH Eve: 24hrs

1. Queensway Shopping Centre
2. Great World City
3. Queensway
4. Bendemeer
5. Regal
6. Scapepark (Mon - Fri: 0800 - 2300, Sat/Sun/PH Eve: 24hrs) 

**WEST** 

Operating Hours: Sun - Thurs: 0600 - 0200, Fri & Sat: 24hrs

1. Bukit Batok
2. Bukit Batok Gombak
3. West Coast Park
4. Jurong East 24
5. Choa Chu Kang 62
6. Keat Hong
7. Beauty World
8. Clementi Mall
9. Keat Hong
10. Beauty World
11. Farrer Road
12. Lequest
13. Jurong Bowl
14. Jurong Green CC
15. Pioneer Mall",2020-12-03 16:22:51,54,,/r/singapore/comments/k5rqfn/received_a_notification_from_grabfood_that_some/
elpipita20,Love this!!!!! Honestly thought they'd only do it when Phase 3 hits,2020-12-03 14:14:28,20,,/r/singapore/comments/k5rqfn/received_a_notification_from_grabfood_that_some/
Nannoid,Able to share the full list of outlets?,2020-12-03 15:44:12,6,,/r/singapore/comments/k5rqfn/received_a_notification_from_grabfood_that_some/
nyaineng,"U oll ever eat mekdonel? 

Mekdonel..",2020-12-03 20:19:57,3,,/r/singapore/comments/k5rqfn/received_a_notification_from_grabfood_that_some/
CSlv,Who wants a *Double McSpicy EVM with Upsized Ice Milo* at 3 in the morning?,2020-12-03 18:58:39,3,,/r/singapore/comments/k5rqfn/received_a_notification_from_grabfood_that_some/
TheOrbOfAgamotto,What about FoodPanda?,2020-12-03 16:12:38,1,,/r/singapore/comments/k5rqfn/received_a_notification_from_grabfood_that_some/
refurb,Praise Jebus!,2020-12-04 00:23:01,1,,/r/singapore/comments/k5rqfn/received_a_notification_from_grabfood_that_some/
jmzyn,Is this a first giant step towards phase 3?,2020-12-03 21:58:58,1,,/r/singapore/comments/k5rqfn/received_a_notification_from_grabfood_that_some/
lilbraidy,Fuck yes!,2020-12-03 19:06:26,1,,/r/singapore/comments/k5rqfn/received_a_notification_from_grabfood_that_some/
JulSGP,Hurray for higher obesity and diabetes!,2020-12-03 15:07:12,-4,,/r/singapore/comments/k5rqfn/received_a_notification_from_grabfood_that_some/
Revalent,This is testing my willpower,2020-12-03 15:49:58,0,,/r/singapore/comments/k5rqfn/received_a_notification_from_grabfood_that_some/
CastThatAccountAway,No Bukit Panjang? Fuck.,2020-12-03 20:32:53,12,,/r/singapore/comments/k5rqfn/received_a_notification_from_grabfood_that_some/
Zoisen,No surprise if they were pre-empted on phase 3. Macdonald is one of our largest fastfood accounts,2020-12-03 14:47:40,21,,/r/singapore/comments/k5rqfn/received_a_notification_from_grabfood_that_some/
Jammy_buttons2,Probably got enough manpower to do..so,2020-12-03 15:22:29,-1,,/r/singapore/comments/k5rqfn/received_a_notification_from_grabfood_that_some/
zoinks10,Who buys McDonald‚Äôs after midnight when there‚Äôs nowhere to get drunk? The only time I‚Äôll eat the stuff is if I‚Äôm pissed.,2020-12-03 17:01:56,-10,,/r/singapore/comments/k5rqfn/received_a_notification_from_grabfood_that_some/
Shinky0,Second this.,2020-12-03 16:03:06,5,,/r/singapore/comments/k5rqfn/received_a_notification_from_grabfood_that_some/
icyfantasy,https://www.reddit.com/r/singapore/comments/k5rqfn/received_a_notification_from_grabfood_that_some/gegw92h/,2020-12-03 16:29:38,2,,/r/singapore/comments/k5rqfn/received_a_notification_from_grabfood_that_some/
HuDragon,I don‚Äôt think I‚Äôve ever seen foodpanda deliver McDonald‚Äôs. Might be a partnership thing,2020-12-03 23:10:25,2,,/r/singapore/comments/k5rqfn/received_a_notification_from_grabfood_that_some/
yxnayskin,"It is, actually. 

McDonald's has a high status among the proles, one of the best places for unskilled workers to work at. Han Bao Bao is also Saudi owned.

They did not close those outlets and stop cross-deployment of workers early just because they were kiasu. IIRC MOH reached out to them. 

What McDonald's does, everyone looking at F&B trends watches.",2020-12-03 23:47:07,3,,/r/singapore/comments/k5rqfn/received_a_notification_from_grabfood_that_some/
,[removed],2020-12-03 23:06:26,8,,/r/singapore/comments/k5rqfn/received_a_notification_from_grabfood_that_some/
elpipita20,I think manpower was never as much of an issue as safety. Demand for deliveries after 2am is probably too low to risk exposing their riders. Or thats what I thought before this announcement was made,2020-12-03 15:29:22,11,,/r/singapore/comments/k5rqfn/received_a_notification_from_grabfood_that_some/
bukitbukit,Truth. Not sure why you are downvoted. I‚Äôll have Maccas anytime but not after 10pm sober.,2020-12-04 09:40:17,0,,/r/singapore/comments/k5rqfn/received_a_notification_from_grabfood_that_some/
icyfantasy,https://www.reddit.com/r/singapore/comments/k5rqfn/received_a_notification_from_grabfood_that_some/gegw92h/,2020-12-03 16:29:42,4,,/r/singapore/comments/k5rqfn/received_a_notification_from_grabfood_that_some/
yxnayskin,Yup it's an exclusive.,2020-12-03 23:44:31,1,,/r/singapore/comments/k5rqfn/received_a_notification_from_grabfood_that_some/
CastThatAccountAway,Wah seh. Even out of camp I need RM for McD.,2020-12-03 23:15:16,7,,/r/singapore/comments/k5rqfn/received_a_notification_from_grabfood_that_some/
Jammy_buttons2,Eh you are confusing 2 things. Grab riders they are grab people. I am talking about mcd employees. Quite a number are the daily people who come from JB,2020-12-03 16:01:05,5,,/r/singapore/comments/k5rqfn/received_a_notification_from_grabfood_that_some/
zoinks10,Goes to show I wouldn't be a very good fast food chain boss. Evidently there's a market for people who can eat dogshit fried food whilst sober. Who knew?,2020-12-04 12:00:07,1,,/r/singapore/comments/k5rqfn/received_a_notification_from_grabfood_that_some/
zoomtzt,Nah recently FP started taking McD orders too.,2020-12-04 11:19:59,3,,/r/singapore/comments/k5rqfn/received_a_notification_from_grabfood_that_some/
elpipita20,Oh okay sorry. Didn't realise. I assumed McD was resuming 24h delivery,2020-12-03 16:08:54,4,,/r/singapore/comments/k5rqfn/received_a_notification_from_grabfood_that_some/
Jammy_buttons2,Mcd stop operating 24hrs after they shut down when some staff kana COVID-19,2020-12-03 16:13:02,4,,/r/singapore/comments/k5rqfn/received_a_notification_from_grabfood_that_some/
AutoModerator,"For posts flaired as such (by OP), we will be exercising greater moderation in the comments section against joke replies and irrelevant or off-topic comments and discussion. Please report such posts and comments. OPs must also engage in a bona fide discussion, i.e. the post should not be one just to incite outrage. 

Note that the 'report' button is not an 'I disagree' button or a super-downvote, it will simply flag it for the mods' attention, and the comment will be evaluated for removal then.


*I am a bot, and this action was performed automatically. Please [contact the moderators of this subreddit](/message/compose/?to=/r/singapore) if you have any questions or concerns.*",2021-02-01 15:19:56,1,,/r/singapore/comments/l9xj9p/foodpanda_grabfood_delivery_riders_are_you/
bilbolaggings,Am grabfood rider. No we don't.,2021-02-01 15:22:44,48,,/r/singapore/comments/l9xj9p/foodpanda_grabfood_delivery_riders_are_you/
jmzyn,"The riders get deductions when customers complain about not getting their orders delivered. And rightfully so.

Otherwise, food/drinks spillage..... no deductions. Usually goodwill on Grab's part.",2021-02-01 16:15:53,29,,/r/singapore/comments/l9xj9p/foodpanda_grabfood_delivery_riders_are_you/
CaravieR,"It depends on the type of complaint.

Complaints about not receiving order at all, like the delivery rider MIA halfway with your food, then yeah the rider will get penalised. Worst is when customers claim that their order wasn't delivered just to get a free meal, then sabo the poor rider. Nowadays riders need take pictures of delivered orders to cover their backside.

Most other complaints will not affect the rider. At most the rider gets warnings due to repeated LEGIT unsatisfactory feedback, and ban after many reports.",2021-02-01 20:32:15,20,,/r/singapore/comments/l9xj9p/foodpanda_grabfood_delivery_riders_are_you/
osshhh,Nope,2021-02-01 17:24:35,10,,/r/singapore/comments/l9xj9p/foodpanda_grabfood_delivery_riders_are_you/
