,user,posts
0,jasongohce,"Kudos to this grab food delivery guy who sending food to whom comfortably waiting at home. If your food arrived late during raining day, please show kindness to these people whoâ€™s braving the rain to make food delivery to your doorstep. ğŸ‘ğŸ»ğŸ‘ğŸ»ğŸ‘ğŸ»..#whatmakessg #visit_singapore #photooftheday #sgphotography #topsgshots #streetphotography #thisissingapore #singapore #kilogrammerz #travelphotography #loves_singapore #Exploreasia #travelasia #ilovetravel #heysonysg #wonderlustsingapore #snapographers #fooddelivery #sgphoto #grabfood #grabfoodsg"
1,yong_hazelle,Yes don need to rush then ğŸ™Œ Nice shot ğŸ“¸ğŸ‘
2,angelasarahchiang,So true. These are unaung heroes. ğŸ‘ğŸ»
3,jasongohce,@angelasarahchiang Poor fellow...I took this photo to let ppl know..thank you ğŸ™ğŸ»ğŸ˜Š
4,alainlicious,"Popular wanton mee @koungwtm now has delivery option on @grabfoodsg, in addition to their new dine-in outlet at @jemsingapore. I ordered in for lunch and took about 40 minutes to reach me.Itâ€™s great that they packed the soup separately, but might have to request for pork lard on the app because they donâ€™t include by default. Taste wise, the noodles were still springy and chewy."
5,alainlicious,......#foursquare #foursquarefind #stayathome #eatathome #takeaway #delivery #eatlocal #supportlocal #jiaklocal #supportlocalbiz #smallbizlove #sgforsg #savefnbsg #grabfood #grabfoodsg #wantonmee #jemsingapore #koungswantanmee #koungswantanmeeé¾”æ°é›²åé¢ #koungwtm
6,pohthiamlim,ğŸ˜„ğŸ‘
7,sgankk,ğŸ˜‹ğŸ‘
8,jasongohce,Waiting for the next order...#whatmakessg #visit_singapore #photooftheday #sgphotography #topsgshots #streetphotography #thisissingapore #singapore #kilogrammerz #travelphotography #loves_singapore #Exploreasia #travelasia #ilovetravel #heysonysg #wonderlustsingapore #snapographers #fooddelivery #sgphoto #grabfood #grabfoodsg
9,fuji.alsacegrunt,Kind of sad to see more green shirt workers in our country..
10,jasongohce,@metrodottime I think they have no choice cause many companies not employing staff at this time. Iâ€™m also concern about their safety. ğŸ˜Š
11,leanbento,"â€œmy most astounding record was to polish up 26 regular sized mooncakes in three weeks. It got to a point that I didnâ€™t bother cutting them up.â€.â€œAssuming that a regular-sized yolk mooncake contains 800kcal, I had consumed a total of 20,800kcal in addition to my regular meals in a span of three weeks.â€.This mooncake monster is none other than Lean Bentoâ€™s owner and founder Charles Ng. ğŸ˜ˆ.Find out more about the clean and lean mid-autumn treat he has in store for all fellow health foodies at charleswanmushi.com. ğŸ˜______Enter promo code LEANCORE at the checkout. Promo valid until 30 September 2020. *Applies to Islandwide and same-day deliveries.*Except Seasonal Specials and Multiple Location Delivery Bundles.Go to leanbento.com/order.Call 67504504 or order@leanbento.com for humanised assistance. ğŸ’ğŸ»â€â™€ï¸ğŸ’ğŸ»â€â™‚ï¸______Islandwide delivery ğŸššğŸ±ğŸ’¨#leanbento #bungkussg #startasterdelivery #foodpandasg #grabfoodsg #deliveroosg #sgfood #vegetariansg #lazadasg #halalcertified #halalsg #sgsme #stayhomemakansg #hawkersunited2020 #sgmakan #sgbrand #sgbrands #enterprisesg #asmesg #supportlocal #sgunited #mooncakesg #sgmidautumnfestival #halalmooncake"
12,maskon__sg,Keep it coming! Have you thought about going green and using reusable face mask? â™»ï¸ğŸ˜·
13,himari_jasmine,U selling those mooncake?
14,leanbento,"Hi @himari_jasmine , yes we would be. More details about our protein moon bites are our bossâ€™ blog post at charleswanmushi.com :)"
15,leanbento,Hi @himari_jasmine itâ€™s out!https://www.instagram.com/p/CE1SdlcgS70/?igshid=1beso3xq2579b
16,iamhnhm,ğŸ˜
17,weijian.wj,ğŸ˜±
18,rusly.tjohnardi,Yumssss
19,elim03,ğŸ‘ğŸ‘ğŸ‘ğŸ‘
20,futuristfergo,"KEEPING THE DREAMS ALIVE - MY COVID 19 JOURNEYWhy do @grabfoodsg ? And how have your live change?The earnings may not be much, but it serves as my passive income. Before the start of every week, I will calculate the possible or expected total expenditure amount. I will then work hard to meet the targeted amount. For example, if I know that Iâ€™m going to have a meeting at @starbuckssg , and I will probably be spending, $30. I will do my delivery rides between classes or after classes to obtain the amount.However hard the circumstances are, I will never give up on my responsibilities and my dreams. I will keep my dreams alive.Arenâ€™t you ashamed? There is a possibility that you will meet your clients or colleagues?Certainly, the possibility of meeting any of them is there. But personally, there is nothing to be ashamed of.Have you ever seen, the physically challenged individuals who are working? Or even the elderlies?I am more ashamed if I donâ€™t do anything to better myself or my situation given that I am able bodied and capable.Iâ€™ve never been ashamed doing any kind of jobs as long as I know that whatever im doing is permissible in the eye of the nationâ€™s law and from the perspective of my religion. Like many of us, I come from a family which encountered many hardships yet we continue to strive for excellence.When I was younger, my brother and I, we used to buy cartons of can drinks from @shengsiongsupermarket_official and put them in Styrofoam boxes filled with ice made from home. We then tie the boxes on to the additional passenger seats on our bicycles. We will cycle to hard to reach areas at East Coast Park, basketball courts and street soccer courts to sell them. Besides that, we also gave tuitions and worked as hotel dishwasher at Grand Hyatt. We paid for our A-level examination fees and we never ask from our parents for our school pocket money.To all of you out there if youâ€™re contemplating, thereâ€™s nothing to be ashamed of.#resilienteconomy #startuplife #socialtechnopreneur #student #grabfoodsg #shengsiongsupermarket"
21,airabubblyboo,#Respect
22,noonal.farina.realtor.sg,The Real Education
23,alsicario,Well said bruv
24,sounorah,Life is ours to live..do what u think is riteous
25,noor.a1man,Ride safe brother! ğŸ¤—
26,saintnarkoba,Semoga di permudahkan urusan semua aim..
27,daffiakhtar,ğŸ’ªğŸ½ğŸ’ªğŸ½ğŸ’ªğŸ½ğŸ’ªğŸ½ğŸ’ªğŸ½ğŸ’ªğŸ½ğŸ’ªğŸ½ğŸ”¥ğŸ”¥ğŸ”¥ğŸ”¥
28,sephia_lee,"@futuristfergo You inspire to all of us here yet, you are humble and kind. May Allah swt bless you and your family with good health and success. Today may not be your day but insyallah, tomorrow and in the future, success will find you! Donâ€™t ever give up, bro! Canâ€™t wait to see whatâ€™s your next plan! ğŸ˜Š"
29,wensdelight,Too tired to cook dinner after attending a house warming party in the afternoon so we grab dinner! Korean fried chicken from #wakerchickensg highly recommended by my didi so we tried it! What not to like? Light and crispy crust fried chicken with tender and juicy flesh! The flavours were pretty mild but still yummy! ğŸ˜‹#wentakeout #nov2019 #sgig #sgfoodie #instafood #instadinner #sgfooddelivery #friedchicken #yummy #koreanfriedchicken #Chikin #yangnyeomchikin #grabfoodsg
30,cuisineparadiseig,Hahaha we both had fried chicken today. Cat sure drooling there and craving for kfc ğŸ˜œ
31,wensdelight,@cuisineparadiseig haha her one and only fav fast food KFC! ğŸ˜‚ @meowcathy16
32,foodmakescalhappy,Yassss fried chicken. Simple and good. Love them â¤ï¸
33,izmyphotos,"[2019CE. ].Do you still remember this guy?Yes, @grabfoodsg riders are still around to bring our meals to us without lifting our glutes off the chairs!.And no, this isn't a sponsored or paid post. I wish I am. ğŸ˜‚..ğŸ“¸: Samsung Note 8....#instasg#singapore#yoursingapore#communityfirst#whatissingapore#madaboutsingapore2020c#madaboutsingapore#urbanandstreet#exploretocreate#streetphotography#raw_street#streetsgrammer#streets_vision#ig_street#streetactivity#imaginatones#citygrammers#ourstreetdays#raw_mobile#artofmobile#jj_community#streetphotoinspiration#raw_community#jj_mobilephotography#mobile_click#samsungsg#ThisIsSG#withgalaxy#raw_architecture#grabfoodsg@whatissingapore@instasg@iluvsg@raw_mobile_@jj_mobilephotography@jjcommunity@streets_vision@citygrammers@raw_street_@streetphotoinspiration@samsung_sg@singapore@samsungwithgalaxy@raw_architecture_"
34,takez0.arw,Nice colors yoğŸ”¥
35,izmyphotos,@takez0.arw Thank you! ğŸ˜Š
36,vincentphotogram,ğŸ‘ğŸ‘ğŸ‘
37,izmyphotos,"@vincentphotogram Thanks, Vince!"
38,couldwalkforever,â¤ï¸
39,urbanyooz,nice
40,big_salt,"Great photo, itâ€™s so vibrant!"
41,izmyphotos,@big_salt Thanks!
42,qiuuing,"Got a good deal on @grabfoodsg for the McSpicy bundle with banana pie. Yes, banana pie is back! This set is $19.50 usually but on delivery platforms itâ€™s only $15.70. If you get the set without the pie, itâ€™s $12 instead of $15.80."
43,qiuuing,#igsg #visitsingapore #yoursingapore #sgfood #whati8today #burpple #sgfoodies #sgfood #foodspotting #jiaklocalsg #hungrygowhere #foodforfoodies #onthetable #foodpornsg #buzzfeedfood #mcdsg #grabfoodsg
44,meetthemoments,Cool pic! Let's imagine the pandemic is over and the world is back to normal ğŸ›©ï¸ Which place you are gonna visit first?!
45,kimberleyyeo,"@wearetwiceyoung is LIVE!!! Most of the taste-testers love the Hojicha icecream but my fave is the Coffee & Pistachio! It tastes especially good with the Fleur de Sel Brown Butter Choc Chip Cookies! If youâ€™re vegan or love sorbets, you have to try the Passionfruit sorbet.Also, if you have a doggo or 2 or 3 of them, you must get the puppers icecream specially handcrafted for your precious furkids (@lordsnufflespop approves ğŸ¥³)! You can dm me or @wearetwiceyoung to order â¤ï¸All icecream and cookies are made in very small batches with the best and finest ingredients! Delivery is free for orders above $60.Menu - hoomans ğŸ¤·ğŸ»â€â™€ï¸Handcrafted icecreamOne pint = 5-6 scoopsâ˜•ï¸Italian Espresso, Sicilian Pistachio Fudge, Toasted Sicilian Pistachio - $24.90ğŸµKyoto Hojicha, Dark Chocolate Swirls, Chopped Almonds, Pinch of Sea Salt - $21.90ğŸŒRoasted Banana, Salted Caramel Pecans - $18.90ğŸŒ±Fresh Passionfruit Sorbet, Mint - $20.90ğŸªFleur de Sel Brown Butter Chocolate Chip Cookies - $15/12 piecesMenu - goodest puppers ğŸ¶ğŸŒğŸ¥œBanana Peanut Butter - $22.90ğŸ¥­ğŸ¥¥Mango Coconut (dairy-free)- $24.90ğŸ“ğŸ¯Strawberry Manuka Honey - $27.90"
46,kimberleyyeo,.......#sgfood #sgig #igsg #singapore #yummy #delicious #onthetable #igdaily #potd #foodporn #foodgasm #fooddiary #instafood #foodstagram #goodfood #foodpandasg #deliveroosg #sgfooddelivery #sgdelivery #grabfoodsg #savefnbsg #supportlocal #icecream #sgdessert
47,honeybeesweets.sg,ğŸ‘ğŸ»ğŸ‘ğŸ» canâ€™t wait to try!! ğŸ˜‹
48,kimberleyyeo,@honeybeesweets.sg ğŸ˜˜ğŸ˜˜ğŸ˜˜
49,gninethree,Yay!! ğŸ¥³ğŸ¥³
50,kimberleyyeo,@gninethree ğŸ¤—ğŸ¤—ğŸ¤—
51,missmickmatul,Wowzers! Congrats!!
52,kimberleyyeo,@missmickmatul thanks Nick!!! â¤ï¸
53,xingzxz,CONGRATS KIM!!!!! â™¥ï¸â™¥ï¸â™¥ï¸
54,kimberleyyeo,"@xingzxz thank you, you gorgeous thang ğŸ˜˜"
55,ad_chem_specialist,Looks delicious ğŸ‘
56,thatboatnoodles_thatmooookata,"Our chef has something up his sleeves for ""Moooo""kataWe thank you for your support!ğŸ™‹ğŸ¼â€â™€ï¸ğŸ™ğŸ»Please continue to support us!ğŸ¥³ğŸ¥³Operating hours is as follows:1030am - 9pm (monday - friday)â€œMooooâ€kata starts at 4pm(monday - saturday )Sunday & PH: RESTğŸŒ»Address:121, Telok Ayer Street #01-01 (inside Telok Ayer coffeee shop, stall 4)Singapore 680590#thatmooookata #thatboatnoodles #foodpandasg #telokayercoffeeshop #thaiboatnoodlessg #mookatasg #yummyfoodsg #bestbeefnoodlessg #foodpandadelivery #valueformoneymookata #celebritychoicemookatA #bestbeefnoodlessg #grabfoodsg"
57,cocoboss.sg,Saturdays are perfect for brunches.. & coconut shakes ğŸ˜‹
58,cocoboss.sg,#CocoBossSG #Singapore #juice #coconuts #coconut #coconutdrink #sgig #igsg #photooftheday #instagood #drink #drinks #foodporn #sgfoodies #sgfoodie #igsgfood #beverage #bbt #bubbletea #smoothie #coconutshake #instadaily #grabfood #sgfoodlover #supportlocal #sgdrinks #grabfoodsg #bubbleteasg #sgfoodhunt
59,southernsoul.sg,"Indulge in our range of Nashville-Style Hot Sauce Fried Chicken, delivered directly to your doorstep, guilt-free. There's no shame in some comfortfood for the soul!#southernsoul #friedchicken #southernfriedchicken#southernfood #soulfood #comfortfood #chicken#chickenwings #chickenburger #homemade #hotsuace #comfort #foodpandasg #grabfoodsg #deliveroosg #sgmakan #sgfood #diarymakan"
60,voltpizzeria.sg,Easter Special. Our Honey Butter Series back by popular demand. Available now. Try it today!#HoneybutterSeries #honeybutterburger #honeybuttertenders #honeybutterwings #burgers #wings #tenders #grabfoodsg #foodpandasg #deliveroosg #sgmakan #Voltpizzeria #volt #Pizza #weekendvibes #limited #easterspecial #easter
61,thatebikechannel,"Chirrey Y1+ Ebike in Red & Black ğŸ˜Purchase direct from us at only $1150!Whatsapp: +65 87526499Test ride at 35 Tong Lee Building, Block A, #08-02 (Mattar MRT)â˜‘ï¸ Installment plans available dm to find out#ecodriveebike #y1 #chirrey #ebikesingapore #grabfoodsg #foodpandasg #ebike #ebike #eletricbicycle #riding #singapore #sg #cycle #cycling"
62,skytoeat,19/3/2021 - Duck and Waffle#briocafe #briorestaurant #jurongpoint #grabfoodsg #confitduck #waffle #wafflepancake #egg #mustardmaplesyrup
63,donburiyo,ğŸ¤˜ğŸ¼Milk Tea Series. Get Yours TodayğŸ¤˜ğŸ¼#hausbrewsg #donburiyosg #supportlocalbusinesssg #japanesefoodsg #takeawaysg #dabaosg #foodsg #foodiesg #fooddeliverysg #grabfoodsg #foodpandasg #deliveroosg #goodfoodisgoodmood
64,pita.kebabs,"ğŸ¥™Our #Pita Pockets are available for #Islandwide delivery, #takeaway & #dine-in! ğŸŒOrder Now: www.pitatree.com/orderWe are opened till 1 AM tonight ğŸ˜‰#singapore #discoversg #pitatreesg #sgfoodtrends #sgig #igsg #mediterraneanfoodsg #mediterraneancuisinesg #orchardsg #supperspotsg #singaporesupper #pitapocketsg #sgfoodblogger #sgfoodies #islandelivery #takeaway #eclectiqueconcepts #savefnbsg #grabfoodsg #foodpandasg #chickenshish #supportlocalsg"
65,potatolab.sg,Easter Special. Our Honey Butter Series back by popular demand. Available now. Try it today!#HoneybutterSeries #honeybutterburger #honeybuttertenders #honeybutterwings #PotatoLab #burgers #wings #tenders #grabfoodsg #foodpandasg #deliveroosg #sgmakan #potatolab #fries #potato #lab #TGIF #Fridayvibes #weekendvibes #limited
66,phatfingers.sg,"Nacho Kimcheese @PhatFingers is one of our Top Mega Sides! Get your hands messy with the oozy nacho cheese, gochujang aioli, kimchi salsa, chopped picked cucumbers and scallions topped on the seasoned tortilla chips!Order now from the link in our bio, and enjoy an exclusive 20% discount from Grabfood, Foodpanda, Deliveroo! for a limited time only!#Nacho #Nachokimcheese #kimcheese #Top #Mega #Topmegasides #oozynachocheese #gochujang #gochujiangaioli #kimchisalsa #choppedpickedcucumbers #scallions #toppings #seasonedtorillachips #chils #messy #koreanchicken #korean #deliveroosg #foodpandasg #grabfoodsg #oddleats #sgmakan #sgmakandiary #makangowheresg"
67,tiffinwalla.sg,"Kick start your weekend with Tiffin Walla's Buddy MealsMeals are more delicious when shared with your friend or family! Dig into a Butter Chicken Set or Chicken Tikka Masala Set, Saag Paneer Set, 2 Garlic Naans and Vegetable SamosasOrder now and enjoy an exclusive up to 25% discount for Grabfood Bundle & Deal.#TiffinWalla #Buddymeal #bundle #Bundlendeal #mealsfortwo #chicken #butterchicken #chickentikka #chickentikkamasala #saag #paneer #garlic #garlicnaans #vegetables #vegetablesamosas #foodpandasg #deliveroosg #Grabfoodsg #Oddleeats #makangowhere #makan #foodie #indian #indiancuisine"
68,southernsoul.sg,Easter Special. Our Honey Butter Series back by popular demand. Available now. Try it today!#HoneybutterSeries #honeybutterburger #honeybuttertenders #honeybutterwings #burgers #wings #tenders #grabfoodsg #foodpandasg #deliveroosg #sgmakan #southernsoul #southern #TGIF #easterspecial #easter #limitedtime
69,publicopastabar,Easter Special. Our Honey Butter Series back by popular demand. Available now. Try it today!#HoneybutterSeries #honeybutterburger #honeybuttertenders #honeybutterwings #PotatoLab #burgers #wings #tenders #grabfoodsg #foodpandasg #deliveroosg #sgmakan #publicopastabar #pasta #Limited #EasterDay
70,peperonipizzeria,"Pizza lovers, rejoice! Weâ€™re proud to introduce Peperoni Pronto our sub-brand focusing on takeaway and delivery only @ Kitch!Now you can get your Italian favourites and many other cuisines from @kitch.sg ! Find out more by clicking our linkin bio or on Kitch's IG page.Letâ€™s celebrate the joys of dining at home. Swipe left to enjoy Kitchâ€™s exclusive discount!ğŸ˜‹#PeperoniPizzeria #LesAmisGroup #KitchSG #DeliverySG #GrabFoodSG #HomeDining #LetKitchCookForYou"
71,yalorsg,ğ—™ğ—œğ—¡ğ—”ğ—Ÿ ğ—ªğ—˜ğ—˜ğ— ğ—¢ğ—™ ğ—™ğ—¥ğ—˜ğ—˜ ğ——ğ—˜ğ—Ÿğ—œğ—©ğ—˜ğ—¥ğ—¬ğŸ˜‹Get together with the family this weekend for a tasty affair of our signature braised duck slathered in rich aromatic gravy. Order above $50 now to enjoy ğ—™ğ—¿ğ—²ğ—² ğ——ğ—²ğ—¹ğ—¶ğ˜ƒğ—²ğ—¿ğ˜† ğ—œğ˜€ğ—¹ğ—®ğ—»ğ—±ğ˜„ğ—¶ğ—±ğ—² on GrabFood.*T&Cs apply.#yalorsg #yalorduckrice #yalorbraisedduck #braisedduck #braised #singapore #sgfoodie #sgfood #sg #duck #duckmeat #soyarice #wheretoeatsg #whattoeatsg #braisedduckrice #braisedducknoodles #grabfoodsg #grabfoodfreedelivery #freedeliverygrabfood
72,heyyogurtsg,"Goodbye, BBT. ğŸ‘‹ GOOD BUY = Hey Yogurt! ğŸ‘Snack on some healthy goodness instead for your tea-time break and we'll reward you with ğ—™ğ—¥ğ—˜ğ—˜ ğ——ğ—˜ğ—Ÿğ—œğ—©ğ—˜ğ—¥ğ—¬.Order now with OFFPEAK promo on GrabFood.*T&Cs apply.#freedeliverygrabfood #freedelivery #grabfoodsg #heyyogurt #heyyogurtsg #yogurtdrink #yogurt #singapore #sgfoodie #sgfood #sgdrink #bbt #bbtsg #byebbtheyyogurt #friday #march #marchpromo #foodpanda #foodpandasg #grabfood #ourtampineshub #jurongpoint #vivocity #friday"
73,currywok_sg,"Dining in at the comfort of your home with your family? Or, having a picnic day out with your children?Look no further! We provide great outdoor ğ©ğšğœğ¤ğğ ğ¦ğğšğ¥ğ¬ for any occasion. â›±Enjoy this school holiday with your kids, with our easy to carry and crispy ğğğ¥ğ¢ğœğ¢ğ¨ğ®ğ¬ ğŸğ¢ğ§ğ ğğ« ğŸğ¨ğ¨ğ.ğŸ–Bring our Party Platter / Bento Set/ Kong Bak Pau /Dessert and party at home or anywhere outside anytime. ğŸğŸ“ Call us/WhatsApp at 91070265 to find out more!#currywoksg #fooddeliverysg #sgdelivery #sgcomfortfood #savefnbsg #homecookedfood #deliveroosg #foodpandasg #grabfoodsg #eatoutsg #whati8today #hungrygowhere #topcitybites #8dayseat #singaporeinsiders #eatoutSG #sgfood #sgfoodies #foodsg"
74,fyizakaya,Featuring our Yakiniku Foie Gras Truffle Don. Burst the runny onsen egg ğŸ¥š and mix everything together for a delicious bite!-Dig into our delicious Teishoku now! Available daily during lunch and 5pm-7pm.-ğŸ“Call us at 6443 0400 or https://tinyurl.com/y2gz59nv to reserve a table!-#FYIzakaya #FreakinYummy
75,fyizakaya,#savefnbsg #loveyourlocalsg #supportlocalsg #sgunited #fooddelivery #foodgasm #foodphotography #foodporn #foodspotting #foodstagram #buzzfeedfood #buzzfeast #gastronomia #getinmybelly #nomnom #huffposttaste #foodiee #singapore #hungrygowheresg #sgfood #grabfoodsg #foodpandasg #kulukulu #japanesefood #hungrygowhere
76,littlesweetbonsbons.aczh,"Having ToastBox for Breakfast,am having Mee Siam,Hot Coffee,Kaya Butter Toast and Floss Toast.@toastboxsg@grabfoodsg#littlesweetbonsbons #toastboxsg #toastbox #breakfast #meesiam #coffee #hotcoffee #kayabuttertoast #flosstoast #thicktoast #grabfood #grabfoodsg #sgfoodie #sgfoodies #foodieofinstagram #foodiesofinstagram #foodie #foodies #highlyrecommended #â¤â¤â¤â¤â¤â¤â¤â¤"
77,fyizakaya,Our FYI Teishoku includes:ğŸ› Tempura TendonğŸ› Buta Katsu Curry DonğŸ› Salmon Mentai Yaki DonğŸ› Ebi Fry Kare Don-Enjoy them now during lunch hours and 5pm-7pm daily!-ğŸ“Call us at 6443 0400 or https://tinyurl.com/y2gz59nv to reserve!-#FYIzakaya #FreakinYummy
78,fyizakaya,#savefnbsg #loveyourlocalsg #supportlocalsg #sgunited #fooddelivery #foodgasm #foodphotography #foodporn #foodspotting #foodstagram #buzzfeedfood #buzzfeast #gastronomia #getinmybelly #nomnom #huffposttaste #foodiee #singapore #hungrygowheresg #sgfood #grabfoodsg #foodpandasg #kulukulu #japanesefood #hungrygowhere
79,dinewithdamdoom,Vegan Falafel ğŸ¥™ wrap from @theprivegroup â¤ï¸ Wondering what I liked more the food or the message ğŸ¤”â™¥ï¸â™¥ï¸ #Grab #grabfoodsg #theprivegroup #dinewithdamdoom
80,theprivegroup,thank you for ordering from us ğŸ¥° hope you enjoyed the wrap and wishing you a great week ahead âœ¨
81,madamwongs.sg,"Steeped in rich Chinese heritage, Madam Wong's is here to change 'Chinese Takeout' for good, serving quality asian home cooking for family and friends to enjoy together. Celebrate tradition, order now from our link in bio!#madamwongs #madam #wong #chinesefood #chinesetakeout #americanchinese #american #expat #expatchinesegroup #tgif #positivevibes #deliveroosg #foodpandasg #grabfoodsg #oddleeats #sgmakan #sgfood #diarymakan"
82,alainlicious,"#TGIF Happy Fryday! ! I wonder who came up with the idea of putting fries ğŸŸ and mac & cheese on pizza? And combining tabletop games ğŸ® into the meals - thatâ€™s @the_priorityclub where you can level up your day/night with pizzas, pastas, drinks and fun!A first of its kind delivery concept conceived by the creative folks at Da Paolo Group @dapaolosg, making food delivery a lot more entertaining! ğŸ¤© Kudos to the food packaging that is convertible into a game of chess and playing cards, we can now Eat . Play . Drink all-in-one.The menu is quirky, bold in flavours, yet tasty enough for everyone to enjoy. Try #PriorityPizza ğŸ• options like #CurryCurryRevolution that features Japanese curry and golden fries on dough, #64bitKebabs is a pizza marriage of Italian and Turkish cuisine, and #TruffleMacAttack is a vegetarian friendly pizza loaded with truffle mac and cheese.You can also find a range of #PriorityPasta ğŸ and sides include handmade Beef Meatballs with Swedish Gravy, Popcorn Chicken with one choice of dip - Japanese Curry, Swedish Gravy, Greek Garlic Yoghurt, Mentaiko Sauce. Thereâ€™s also beverages ğŸ¥¤ like beer, cocktail and fruity & floral Sakura and Luna cold brew Prioriteas.Enjoy Free Delivery on orders above $50 via www.thepriorityclub.com. Bundle deals for 2 to 4 players start from $52.90 comes with 1 pizza, 2 sides, 2 teas and a free chess set. Delivery ğŸ›µ is also available on @grabfoodsg, @foodpandasg and @deliveroo_sg but for a la carte orders with 20% off all sides and teas. Now, whatâ€™s your priority? #food #thepriorityclub"
83,alainlicious,......#foursquare #foursquarefind #stayathome #eatathome #pizza #delivery #sgforsg #savefnbsg #pizzalover #pizzatime #fries #grabfoodsg #foodpandasg #deliveroosg #thepriorityclubsg
84,elviraho,how i miss singaporeğŸ˜­ğŸ˜­ğŸ˜­
85,alainlicious,"@elviraho when everything is over, ğŸ˜· welcome you back! ğŸ˜"
86,rozawillis,Howâ€™s the fries on pizza??
87,alainlicious,"@rozawillis the flavours are acceptable, but need to share with bigger group cos #carbsoncarbs a little too heavy and fills me up very quickly!"
88,cocoboss.sg,"Friday, Friyay. Drop by CocoBoss for a well deserved treat for getting through the week. ğŸ’ªğŸ’ª"
89,cocoboss.sg,#CocoBossSG #Singapore #juice #coconuts #coconut #coconutdrink #sgig #igsg #photooftheday #instagood #drink #drinks #foodporn #sgfoodies #sgfoodie #igsgfood #beverage #bbt #bubbletea #smoothie #coconutshake #instadaily #grabfood #sgfoodlover #supportlocal #sgdrinks #grabfoodsg #bubbleteasg #sgfoodhunt
90,awin_ilhan85,Good morning dan salam jumaat guyz!#teamfz16 #grabfoodsg #inspection #checkbetulbetul #bebualjangantinggisangat #orgpunadaperasaan
91,mamatgoldfish,ğŸ™Œ
92,nadzirahmsrr_,Good morning busu! Stay safe always !!
93,jollyjoy921,"Posted @withregram â€¢ @acgreatentertainer [ğ—šğ—¶ğ˜ƒğ—²ğ—®ğ˜„ğ—®ğ˜†]Be one of the winners to walk away with a $50 GrabFood voucher!How to Participate:1. Like our page2. Like and share this post (ensure that your profile is set to public)3. Tag on your post @acgreatentertainer and 3 friends whom you'd love to use the voucher withGiveaway ends on 19 March 2021 (Friday), 2359hWinners will be notified via direct message!#foodsg #foodlover #acgreatentertainer #grabfoodsg #eatoutsg #grabfoodpromo #grab"
94,bangaloreiyengarbakerysg,Guess what???ğŸ‚#sgcakes #sgbakes #sgfood #sgfoodies #sgvegetarian #sgfoodies #sgcafe #foodpandasg #deliveroosg #grabfoodsg #sgcakesofinstagram #sgcakery #sgcakedelivery
95,thesaladforksg,"Mushrooms might just be your new favourite plant-based protein! Glazed like a dream with basil pesto, our Basil Pesto King Oyster Mushrooms will leave you hungry for more. Who knew mushrooms could be packed with so much flavour!Try it today.#thesaladforksg #deliveroosg #grabfoodsg #healthyeating #saladsg #sgfoodie #sgfoodhunt #healthyeatssg #meatfreesg #mushroom #kingoystermushroom #mushroomsgram #healthyfood #meatlessmeals #meatlesssg #foodie"
96,byrdbox.sg,"@byrdbox.sg X @madecold_coffee CollaborationEnjoy up to 25% discount for Bundles & Deals, exclusive at Hillview Grab Kitchen @grabfoodsg for a limited time only! Buy now before it's all gone!#Byrdbox #madecold #Hillview #collaboration #hojicha #peoplechoice #25pecent #exclusive #grabfoodsg #coffee #tea #localsg #sgfood"
97,botak.motor.tiam,#kiteridertiadabezaThank you all for support â¤ï¸#sgbikes #sginstabikes #sgmotors #singaporebikes #sgriders #sglocal #sgbikers #sgbikerslife #sgbikelife #singapore #singaporebikers #sglocalbusiness #aeroxsg #y15zrsg #sniper150 #xmaxsg #nmaxsg #xmaxnation #pcxsingapore #sgpromo #sgpromotion #grabfoodsg #deliveroosg #foodpandasg #hondawavesg #deliveryherosg #deliverysg #deliveryrider
98,abdullahyishuni,â¤ï¸ğŸ”¥
99,oldchangkeesingapore,"Always wonder what to order from Old Chang Kee as a snacks bundle for your friends and family? Why not order this $20 Delivery Snacks Bundle of which we will give you 1 Big Fish Onstik worth $2.20 for FREE! Simply just order this exclusive delivery snacks bundle from GrabFood, Deliveroo or Foodpanda and you don't have to crack a headache over what snacks to order. This $20 bundle includes 2 X Chicken Mushroom'O, 2 X Sardine'O, 2 X Fishball Onstik, 2 X Cheezy Chicken Sausage Onstik, 2 X Chicken Nugget Onstik, 2 X Sotong Ball Onstik and 1 FREE Big Fish Ball Onstik. So what are you waiting for? Start order from GrabFood, Deliveroo or Foodpanda today!PS. This promo delivery offer is valid from 16 Mar to 30 Apr 2021 while stocks last.#oldchangkee #oldchangkeesg #oldchangkeesingapore #ockfooddelivery #deliverybundle #snacksdeliverybundle #snacksbundle #fooddeliverypromo #fooddelivery #fooddeliveryoffer #grabfoodsg #foodpandasg #deliveroosg"
100,omykampong,"Check out our ""Eat Healthily Buddy Meals"" Delivery Promotion from O'My Kampong Cafe at Sengkang Riverside Park. Get a buddy with you and order this exclusive delivery meal offer at only $17.80 that comes along with 2 FREE Coca-Cola Light Can Drinks. Enjoy Beef Stew with Wholegrain Noodles and Kampong Chicken Drumstick with 2 Brown Rice Balls and Garden Vegetables all at the comfort of your own home. So what are you waiting for? Let's order from GrabFood, Deliveroo or Foodpanda today!PS. This promo delivery offer is only available from 16 Mar to 30 Apr 2021 while stocks last.#omykampong #omykampongcafe #cafebythepark #sengkangriversidepark #halalcafe #cafebyoldchangkee #makanbythepark #nofreecomedownnehmind #orderfromdelivery #grabfoodsg #deliveroosg #foodpandasg #eathealthilymeals #buddymeals #fooddeliveryoffer #promodelivery #fooddeliverypromo"
101,cocoboss.sg,"Back on the menu today for the matcha lovers. We spent a long time trying to perfect this recipe, went through different matcha suppliers, organised taste tests with matcha lovers and finally here we are: introducing our Uji Matcha Coconut Shake 2.0. Give it a try!"
102,cocoboss.sg,#CocoBossSG #Singapore #juice #coconuts #coconut #coconutdrink #sgig #igsg #photooftheday #instagood #drink #drinks #foodporn #sgfoodies #sgfoodie #igsgfood #beverage #bbt #bubbletea #smoothie #coconutshake #instadaily #grabfood #sgfoodlover #supportlocal #sgdrinks #grabfoodsg #bubbleteasg #sgfoodhunt #matcha
103,leslie.koh,Coming to try! ğŸ˜
104,cocoboss.sg,@leslie.koh waiting for you! ğŸ˜‚
105,leslie.koh,@cocoboss.sg coming!
106,teoliyang,Yes.. got to try tonight
107,cocoboss.sg,@teoliyang waiting for your order ğŸ˜
108,foodee.diaree,YAYY GLAD ITS BACK â¤ï¸â¤ï¸
109,cocoboss.sg,@foodee.diaree thanks to youuuu! ğŸ˜
110,teoliyang,Yes placed my order already ğŸ˜œ
111,pezzopizzasg,"ğ—•ğ—¬ ğ—£ğ—¢ğ—£ğ—¨ğ—Ÿğ—”ğ—¥ ğ——ğ—˜ğ— ğ—”ğ—¡ğ——: We overheard last week that customers want our delivery exclusive ğ˜›ğ˜©ğ˜ªğ˜¯ ğ˜Šğ˜³ğ˜¶ğ˜´ğ˜µ ğ˜—ğ˜ªğ˜»ğ˜»ğ˜¢ğ˜´ to be sold in stores too! Thanks to the overwhelming requests, we are happy to announce that we are now baking our hand-stretched ğ˜›ğ˜©ğ˜ªğ˜¯ ğ˜Šğ˜³ğ˜¶ğ˜´ğ˜µ ğ˜—ğ˜ªğ˜»ğ˜»ğ˜¢ğ˜´ for walk-in customers too. Have your favourite classics made to order in ğ˜›ğ˜©ğ˜ªğ˜¯ ğ˜Šğ˜³ğ˜¶ğ˜´ğ˜µ now for just $23 for a pan and $33 for two.ğ—¢ğ—¿ğ—±ğ—²ğ—¿ ğ—¶ğ—» ğ—»ğ—¼ğ˜„:ğŸ“Œ @grabfoodsg : https://bit.ly/3ciGXxMğŸ“Œ @deliveroo_sg : https://deliveroo.com.sg/brands/pezzoğŸ“Œ @foodpandasg : https://bit.ly/3cBbEhZ#pizzatime #grabfoodsg #grabfoodphotobank #foodpandasg"
112,mylifeas_revehsha,Yummy
113,burgerboi.sg,"Find comfort in a burger! A cheesy beef patty stacked with crispy turkey bacon grilled to perfection, topped with the freshest variety of vegetables and accompanied by housemade blue cheese mayonnaise...this artisanal burger boi will definitely have you coming back for more.Order your Boi now at https://burgerboi.oddle.me and enjoy islandwide delivery at 20% off with our promo code NEWBOI20#bestfood #comfortfood #bestfinds #NTU #northspine #nanyangeats #nanyangtechnologicaluniversity #beefburger #cheeseburger #grabfoodsg #foodpandasg #cates #oddleeats"
114,ray_yee,"Continues ... @lloydsinnAnother disappointment: I indicated that I would like to have a queen size bed during my booking. My bed looked like one but I realized it was joined together from 2 single beds. Come on! This is not a budget hotel! With the premium price that I have paid, I could not even get a decent queen size bed? To add salt to the wounds, during check-in, the staff at the concierge reiterated my request during the check in. If she would tell me that the bed I would be getting were 2 joined-single beds, at least my heart was prepared. The whole experience really spoilt my dream #staycationsgTalking about #customercentricity and #transparency these days... #lloydsinnsingapore has much to learn.Well I was determined not to be spoilt by these experiences. So I explored around the area for eateries ğŸ² ğŸ± ğŸ¥˜.Indeed one is spoilt with choices - from local coffee shops to restaurants, a wide selection! Whether itâ€™s comfort food from Killiney Kopitiam, or Hong Kong Tim Sum by So Good Char Chang Ting, there will definitely one that will suit you. Other choices will be like Korean, Japanese, Vietnamese, Western etc. Look out for my food reviews to some of these places I have visited next week.Lloydâ€™s Inn comes with a simple breakfast set, in collaboration with ABC, Artisan Boulangerie Co. as they donâ€™t have a kitchen or restaurant in the hotel. They do have an outdoor seating areas where you can #grabfoodsg and enjoy the alfresco dining.Overall, a very unique experience. Would I be back again? Hmmmf, I would think twice with the same amount for a hotel that know how to appreciate their guests.Rate: 3/5Price: $$$........#ryphotographytravel #raymondyeehotelreview #hotelreview #sghotelreview #hotelbloggers #travelblog #travelsg #raymondyeetravel #singaporehotel #honestreview #lloydsinn"
115,yvwz_,Love your reviews Raymond! Helped me a lot in choosing my next staycation :)
116,ray_yee,@yvwz_ Thank you for taking time to read! You are most welcome ğŸ™ğŸ»
117,peppermintjn,"Thanks for sharing! From the view of price per night, I think cruise may be much more worth with meal, sports and entertainment inclusive ğŸ˜œ Let me know if u need any info!"
118,ray_yee,"@peppermintjn Yes I will DM you one of these days, as I am a bit occupied with projects. Thks for the offer ğŸ˜Š"
119,eatswithluisa,Such a shame~ is this like a villa sort of resort hotel? I have yet to encounter 2 beds joining into one to make it like a queen size before at any hotel be it budget or high end ones ğŸ˜¬
120,ray_yee,@eatswithluisa did you managed to read the part 1 of my post? Itâ€™s a boutique hotel. ğŸ˜Š You can look at the photo of the room layout or the video... *hint* the wall plugs and of course when you started to lay in the middle of the bed... ğŸ˜®
121,eatswithluisa,"@ray_yee okay sorry, i missed it earlier. I feel like I could almost sense your disappointment while reading your part 1 post. I would have felt cheated as well if I were in your shoes. They should at least specify it properly at their website... ğŸ˜Itâ€™s not a big deal but I know it can dampen the mood alot. I also agree cus. service is very important, especially for better hotels. The surroundings reminded me of my resort trips in Bali :) Thatâ€™s why I thought itâ€™s a villa or something."
122,ray_yee,"@eatswithluisa No worries ğŸ˜‰. Yes they have one in Kuta, Bali. Hence the design and layout has the Balinese flair. Itâ€™s supposed to be like an oasis in a city center of Singapore. Honestly I was really looking forward for the stay, after those Instagramable photos and good reviews. Alas... ğŸ˜¢"
123,the_harvestsg,"Hi Everyone ğŸ‘‹ğŸ»ğŸ‘‹ğŸ»ğŸ‘‹ğŸ»LETS SHARE MORE ON WHY SHOULD WE EAT MORE GREENS?â“â“â“HERE ARE THE 6 REASONS TO EAT MORE GREENS.ğŸ¥¦BROCCOLI - HELPS STRENGTHEN THE IMMUNE SYSTEM.ğŸ¥’CUCUMBER - SUPER HYDRATING & MORE NUTRITIOUS THAN REGULAR WATER.ğŸ¥¬LETTUCE - HIGH IN FIBER HELPING CLEAN THE DIGESTIVE TRACK.KALE - CONTAINS MORE CALCIUM PER CALORIE THAN MEAT.ğŸƒSPINACH - IMPROVES MENTAL FUNCTION BY HELPING PREVENT OXIDATION OF THE BRAIN.ASPARAGUS - CONTAINS MANY ANTI-INFLAMMATORY NUTRIENTS.â€¢â€¢â€¢See you in the next post ğŸ¤— & have a good dayâ€¼ï¸ğŸ“Shenton Way, Downtown Gallery 03-30, Singapore 068815.â°Mon - Fri : 8am to 5:30pmSat : 10am to 2:30pmContact for Pre Order : 96487905ğŸ›µğŸš´â€â™‚ï¸Delivery order from Foodpanda & Grabfoodâ€¢â€¢â€¢#visitsingapore #sgfoodblogger #tanjongpagar #onerafflesplace #chinatownsingapore #asiasquare #capitolsingapore #sgfoodlover #instafood_sg #sgfoodies #sgfoodiesparadise #eatoutsg #singaporeinsiders #thefeedfeed #burpplesg #sgfoodporn #sgeats #singapore #sgfoodtrend #whati8today #madewithpassion #sgfoodhunt #igsgfood #wheretoeatsg #foodpandasg #grabfoodsg #deliverysg #sgdelivery #sgfood #onefullerton"
124,myjream,"@yourtea Digestive Tea blend has definitely worked a treat in alleviating my IBS-D #thatstheteaÂ·The core blend of this lifesaver contains herbs such as Shan Zha and Shen Qu that are focused on clearing dampness and waste accumulations, Jue Ming Zi helps to clear heat/inflammation in the digestive system and Ze Xie helps to promote urination to clear out the excess metabolised fluids and dampness.ã€°ï¸ã€°ï¸ã€°ï¸#digestivetea #yourtea #sgfoodhunt #sghawkerfood #sgfoodunion #tslmakan #stfoodtrending #grabfoodsg #deliveroosg #foodpandasg #sgfoodie #8dayseat #hungrygowhere #sgfoodreview #openricesg #sgfoodies #honestwords #foodsg #singaporefood #sgfoodporn #eatoutsg #singaporeinsiders #singaporeeats #sgfoodtrend #sgigfoodie #foodinsingapore #foodinsing #sgfood #burpplesg"
125,makanwarrior,Need some of these tea man...
126,vincentfoodstagram,Natural herbs tea is the best ğŸ˜ğŸ‘
127,_boyz86,Nice ğŸ”¥
128,zanthrea,Practical Tcm at home ğŸ˜
129,pastapronto.sg,GorgeousğŸ˜
130,darr3n0ng,I need some ğŸ˜
131,skytoeat,"17/3/2021 - Show me your love rice, crispy taro puffs#legendaryhongkong #legendaryhongkongrestaurant #jurongpoint #grabfoodsg #showmeyourloverice #showmeyourlove #chickencubes #rice #corn #æ —ç±³è‚‰ç²’é£¯ #crispytaropuffs #friedyamdumpling #yamdumpling #charsiew #èŠ‹è§’"
132,j.w_cycle_,Shitty rainnnnn :(.â€¢â€¢â€¢â€¢#rain #suck #grabfoodsg #cycle #insane.
133,thefeatherblade,"TALK ABOUT A PROPER FEASTâ€¢ Pure beefy goodness along with proper sides and sauces. Let the feasting begin.Now available for dine-in, takeaway and delivery via @grabfoodsgCome hungry ğŸ¤™ğŸ»#propersteaks #properburgers #steakhouse #burgerholic #burger #steak #steaklover #steaklovers #beef #gyudon #beefbowl #featherblade #thefeatherblade #foodiesg #sgfoodies #singaporefoodie #sgeats #sgfoodporn #foodgasm #foodsg #singaporeeats #sgfood #singaporeinsiders #supportlocal #homegrown #fooddelivery #grabfood #grabfoodsgğŸ“¸: @stormscape"
